1654.697144,2.202351,7090.354004,143.157104,0.423155,0.197609,0.110677,2.457834,-60.162888,5.854849,5.753701,27524.021484,0.105960,1
1613.740479,2.230012,7067.659180,140.925415,0.413778,0.138297,0.088419,1.443458,-59.754959,6.063549,5.028107,23190.277344,0.101637,1
1562.543579,2.246723,7078.178223,154.713181,0.410305,0.172603,0.101256,2.059299,-54.926834,6.427826,5.323346,24571.085938,0.102620,1
1552.661865,2.267783,7058.725098,158.881271,0.403541,0.179271,0.099962,2.152297,-55.241737,6.623001,4.795549,21282.669922,0.098830,1
1572.975342,2.280090,7049.945801,152.327896,0.398551,0.196545,0.103820,2.634464,-57.001896,6.564646,4.762818,20873.382813,0.095014,1
1625.383423,2.267705,7100.382813,149.981934,0.402968,0.185622,0.103809,2.536947,-57.527985,6.382392,5.809909,28006.169922,0.096409,1
1676.793701,2.265829,7084.306641,144.680481,0.404142,0.123239,0.079314,1.314391,-60.359943,6.089776,5.071053,23856.257813,0.093008,1
1731.834473,2.270914,7092.992676,140.724457,0.401869,0.122771,0.082596,1.213264,-62.203148,5.961237,5.715036,27884.820313,0.089559,1
1752.309814,2.311939,7064.656738,144.750168,0.391760,0.153182,0.100941,1.611278,-64.047272,6.088727,6.507009,31605.878906,0.081513,1
1751.757568,2.337304,7059.630371,152.204819,0.384361,0.187437,0.114866,2.236102,-62.872772,6.311281,6.994871,34236.609375,0.078453,1
1726.306763,2.365032,7050.667480,156.997604,0.375600,0.196659,0.117116,2.297609,-60.546329,6.612758,7.086514,34696.605469,0.075964,1
1733.158325,2.377842,7036.614258,159.990097,0.371173,0.264259,0.144924,3.264524,-60.462082,6.700938,7.502478,36023.640625,0.073891,1
1734.239136,2.356158,7067.878906,151.524368,0.379001,0.202825,0.122671,2.203391,-61.760639,6.485059,7.337583,36221.101563,0.076987,1
1812.157349,2.371243,7012.972168,149.491119,0.373505,0.132267,0.094314,1.219414,-66.120461,6.388617,7.148939,36078.421875,0.070531,1
1861.615356,2.349499,6967.773438,142.760422,0.375549,0.121479,0.085349,1.156734,-71.416168,6.110072,6.400744,31455.216797,0.069812,1
1906.729126,2.366266,6897.763672,144.436157,0.367221,0.101094,0.075172,0.859315,-76.394402,6.129150,5.698342,27287.710938,0.063865,1
1871.221558,2.365851,6837.303223,148.473221,0.363480,0.082228,0.053193,0.992676,-78.223106,6.210261,3.084431,12516.093750,0.063377,1
1851.251587,2.376097,6818.796875,163.723267,0.355293,0.080723,0.046989,1.038293,-75.821335,6.587551,1.888848,6801.640137,0.062570,1
1821.218140,2.350604,6847.976563,165.986191,0.357335,0.050013,0.027371,0.790308,-75.405617,6.757916,0.959805,3118.299561,0.067366,1
1816.855225,2.345057,6820.397949,172.424225,0.357443,0.042920,0.026236,0.528709,-77.552696,6.818324,0.788653,2439.675537,0.067387,1
1685.273926,2.251073,7247.746582,159.309860,0.418154,0.481456,0.207576,10.182631,-51.222321,6.386224,9.858808,54680.394531,0.104024,1
1666.845093,2.252827,7271.790527,161.283981,0.418982,0.569435,0.218682,15.778831,-50.299747,6.531033,10.068937,56985.921875,0.105549,1
3134.240967,2.066305,7499.440430,93.879189,0.464825,0.099629,0.084178,0.879612,-91.642754,4.133382,14.139261,118553.851563,0.088214,1
1646.770508,2.252921,7250.792480,153.640991,0.415223,0.459151,0.211579,6.785850,-50.650845,6.505782,9.348950,50807.238281,0.105102,1
1659.413208,2.245877,7238.436523,148.321594,0.418316,0.346848,0.168182,6.112336,-51.806175,6.316687,8.918652,49205.359375,0.105464,1
1769.761353,2.226325,7270.441406,136.650558,0.427344,0.343784,0.174911,5.339901,-53.007874,5.916281,10.270999,60430.082031,0.106762,1
1915.876099,2.222574,7332.695313,135.169418,0.431850,0.316522,0.183910,3.402738,-54.279587,5.679388,12.087139,75502.921875,0.104065,1
1860.759155,2.219587,7343.607422,134.959366,0.432851,0.379443,0.203641,4.646718,-52.163666,5.738363,12.147763,75153.757813,0.107375,1
1858.152222,2.214007,7363.099609,136.996719,0.435539,0.418989,0.222514,5.965041,-49.247025,5.839044,13.137704,82637.679688,0.111147,1
1936.945068,2.224885,7402.114258,147.232483,0.434656,0.799390,0.261638,60.178417,-47.190582,6.025270,14.494678,94524.179688,0.110401,1
2005.145752,2.233301,7437.915039,150.119965,0.434754,0.564673,0.278159,8.922041,-45.067905,6.161958,15.737164,105313.054688,0.110053,1
2212.965576,2.224726,7485.570313,146.818497,0.437564,0.582418,0.297366,6.872488,-45.113617,6.038686,17.731766,125724.382813,0.109749,1
2496.823975,2.201759,7511.597168,137.887863,0.445992,0.688498,0.292516,33.126411,-46.446247,5.745998,19.427166,147306.687500,0.110462,1
2507.322754,2.193130,7524.576172,132.856537,0.449566,0.436748,0.254372,4.255006,-47.202862,5.574277,18.978987,145600.234375,0.111244,1
2669.329102,2.179541,7542.291504,135.962570,0.456023,0.433560,0.244613,5.529490,-47.285843,5.471595,19.506916,155486.093750,0.112415,1
2673.237061,2.199202,7530.320801,136.298920,0.448923,0.443544,0.256555,4.612357,-47.458092,5.605160,19.868002,156514.156250,0.108396,1
2671.664795,2.207941,7523.681641,142.012955,0.447140,0.529648,0.283687,6.159072,-44.749573,5.861676,20.317226,159342.031250,0.109883,1
2680.432373,2.229611,7530.425781,147.517212,0.439965,0.688393,0.315621,17.498062,-44.454872,6.073103,20.914122,162742.171875,0.106237,1
2829.426514,2.215114,7540.012207,147.231628,0.444690,0.746579,0.340605,13.724401,-44.293945,6.013259,21.954556,174856.359375,0.108462,1
3021.734619,2.219519,7568.760742,146.369217,0.443236,0.646349,0.319977,9.993544,-44.236168,6.002938,22.766150,187996.890625,0.106378,1
3251.733154,2.209118,7595.721191,143.494034,0.448005,0.641292,0.306710,16.299417,-45.647842,5.807993,23.674213,203301.859375,0.104584,1
3590.456055,2.194194,7640.601074,132.771973,0.454116,0.674068,0.298960,20.862600,-47.494102,5.467618,24.845676,224750.875000,0.103248,1
3729.754395,2.172364,7666.890625,130.841232,0.462317,0.650516,0.312379,19.761099,-46.725903,5.328025,25.933363,238994.031250,0.107005,1
3839.292969,2.199515,7676.012207,133.349518,0.453275,0.533781,0.301783,7.120596,-47.692348,5.485285,26.443407,245933.312500,0.100618,1
3788.509521,2.218899,7660.262695,135.079971,0.446901,0.589395,0.328653,6.012771,-45.778328,5.779049,26.735012,244580.781250,0.099028,1
3719.374512,2.223234,7650.463867,138.621994,0.442296,0.723698,0.383296,7.061749,-46.012028,5.968740,27.472752,246629.875000,0.098709,1
3738.247803,2.221442,7628.057129,138.007187,0.442123,0.627316,0.347798,5.956111,-46.550434,5.975469,26.949678,243391.921875,0.098363,1
3593.003906,2.215324,7611.343750,134.919128,0.442337,0.584205,0.328375,5.578620,-48.780361,5.878462,25.946281,231755.312500,0.098546,1
3420.846924,2.180630,7590.967773,128.094406,0.450310,0.475621,0.283805,4.263734,-52.022202,5.576027,24.142361,214017.718750,0.103431,1
3245.690918,2.167846,7555.465820,121.723915,0.453565,0.371051,0.237618,3.214880,-56.198593,5.352886,22.402126,194964.703125,0.103925,1
3001.003906,2.192996,7512.009766,126.214851,0.443245,0.344850,0.223474,2.913245,-57.548809,5.481763,20.809961,173251.875000,0.099434,1
2531.339355,2.261862,6924.277344,84.739487,0.418254,0.001436,0.002227,0.006908,-107.092476,4.296723,0.215165,611.489868,0.058026,1
2552.579346,2.250846,6901.246094,84.406563,0.419776,0.001192,0.002037,0.004648,-108.597626,4.238144,0.235334,685.576172,0.058611,1
2557.981934,2.252412,6895.534180,84.606026,0.419822,0.002795,0.003405,0.017524,-108.662376,4.234044,0.292602,840.429749,0.058033,1
2560.659180,2.249758,6878.110840,84.542053,0.421087,0.002863,0.003548,0.020182,-108.328865,4.210757,0.195716,515.605896,0.058311,1
2532.185791,2.220840,6952.780273,87.746941,0.429571,0.004478,0.004719,0.035195,-105.042206,4.183033,0.280949,790.745850,0.063843,1
2564.284668,2.211168,6957.435059,86.496300,0.433233,0.000208,0.000416,0.000812,-105.113419,4.096286,0.017423,40.862522,0.064570,1
2559.113037,2.205822,6972.408691,84.579437,0.433946,0.001812,0.002694,0.009859,-105.951324,4.064290,0.213523,598.700806,0.065521,1
2609.651611,2.195930,6992.194336,86.645660,0.437037,0.003058,0.004382,0.016514,-107.808426,4.040800,0.320141,940.682007,0.066221,1
2609.707520,2.186283,7001.484375,87.900688,0.435452,0.001594,0.002169,0.009038,-107.030640,4.076610,0.115150,307.980652,0.067425,1
2604.682861,2.175232,7011.805664,90.846031,0.437485,0.001137,0.001618,0.006606,-106.244431,4.100856,0.087864,227.470261,0.069233,1
2603.517334,2.169480,7044.103027,91.413033,0.438453,0.002702,0.003922,0.014452,-104.330551,4.130165,0.253580,748.156433,0.071157,1
2597.682373,2.155390,7068.493164,93.187340,0.441647,0.003395,0.003961,0.023169,-104.700348,4.103155,0.193583,553.364075,0.073619,1
2622.587891,2.161958,7041.961914,91.040237,0.437047,0.000134,0.000294,0.000537,-106.321053,4.115160,0.014805,36.590897,0.071149,1
2690.800049,2.095253,7127.087402,90.484467,0.450580,0.023593,0.027076,0.145468,-108.627258,4.036924,4.707797,25924.830078,0.080558,1
2687.797607,2.099058,7167.303223,88.959167,0.450396,0.032372,0.031575,0.268464,-106.603935,4.076238,5.513239,32312.216797,0.080850,1
2716.155762,2.106270,7238.862305,89.915611,0.447280,0.041579,0.042815,0.291729,-102.420761,4.155257,7.421890,47476.382813,0.081173,1
1388.998413,2.229523,7151.061523,136.404953,0.432868,0.149297,0.065771,4.481142,-46.906036,6.037206,3.354422,14222.126953,0.118641,1
1370.202393,2.248518,7141.510254,143.715408,0.423921,0.117479,0.064048,1.623012,-46.690865,6.265409,2.980420,12124.339844,0.115318,1
1363.480713,2.260686,7120.763672,143.726135,0.420071,0.079174,0.047776,0.959268,-47.497173,6.336753,2.457857,9588.862305,0.112265,1
1355.836548,2.247656,7122.563965,135.434402,0.424400,0.071577,0.046422,0.775603,-47.778503,6.115962,2.395659,9330.379883,0.114483,1
1423.301392,2.270317,7124.422363,132.606583,0.418304,0.091527,0.056405,1.061179,-51.011017,5.993696,3.215177,13216.277344,0.105741,1
1478.570190,2.272788,7128.947754,126.257584,0.416413,0.060041,0.043398,0.606313,-53.203869,5.830683,3.309863,14123.223633,0.102249,1
1462.528931,2.260828,7120.916992,125.424530,0.421634,0.083097,0.054563,0.904147,-52.945156,5.776881,3.747018,16209.603516,0.105050,1
1461.429321,2.285682,7152.234375,127.144180,0.412160,0.098518,0.066543,0.997489,-51.608112,6.019634,4.372620,19354.621094,0.101924,1
1436.404907,2.307052,7124.456055,133.380310,0.406307,0.127337,0.077818,1.456384,-50.849773,6.304111,4.556889,19735.685547,0.099362,1
1424.594116,2.302790,7160.375000,135.123215,0.409177,0.183819,0.100988,2.335524,-48.712151,6.339607,5.308023,23893.851563,0.102488,1
1492.711304,2.312411,7186.747559,133.112564,0.406682,0.223787,0.126205,2.632965,-48.703266,6.350722,7.105933,34488.886719,0.099585,1
1541.407715,2.278538,7179.700195,130.694778,0.417290,0.179970,0.112427,1.876705,-50.483967,6.043818,7.405183,37230.164063,0.103374,1
1663.464355,2.287559,7184.691406,119.395508,0.416788,0.157297,0.103832,1.550017,-54.359375,5.755308,8.087353,42611.105469,0.096557,1
1634.095337,2.292344,7174.940430,116.208656,0.414262,0.147644,0.097492,1.439690,-55.155243,5.697989,7.351195,37427.679688,0.095343,1
1637.348511,2.267111,7175.849609,118.958290,0.421988,0.147918,0.098355,1.417253,-54.582218,5.678789,7.591758,39465.410156,0.100562,1
1607.253296,2.298993,7157.393555,127.701920,0.408025,0.158391,0.103311,1.531214,-54.241077,6.005744,7.524455,38318.667969,0.095480,1
1566.624756,2.327222,7138.730469,130.404236,0.400513,0.158357,0.104403,1.545108,-54.047737,6.244128,7.103111,34810.820313,0.091245,1
1588.454102,2.311833,7141.269531,136.573135,0.402837,0.151118,0.101127,1.399829,-54.458649,6.240309,7.109977,35426.800781,0.093109,1
1630.360718,2.312473,7136.089355,127.883240,0.401528,0.157230,0.102371,1.571858,-56.818573,6.136487,7.294646,36741.277344,0.090921,1
2567.287109,1.868497,7520.169922,87.048233,0.520235,0.083280,0.064911,0.779266,-87.547073,3.638620,5.779483,36230.496094,0.139442,1
2635.668701,1.895838,7613.813965,87.008820,0.511113,0.110619,0.080535,1.214530,-88.703300,3.696681,7.448405,50209.234375,0.131057,1
2675.064209,1.901788,7658.838379,90.464638,0.510361,0.113094,0.085803,1.145921,-87.990654,3.699273,8.315125,58194.695313,0.129306,1
2654.147705,1.915613,7677.502441,90.713661,0.510082,0.110034,0.084246,1.008403,-86.816757,3.682858,8.122753,56559.117188,0.127000,1
2699.449219,1.946150,7704.723633,89.884575,0.504302,0.095183,0.083202,0.743896,-86.844673,3.717853,9.189458,66097.109375,0.119563,1
2823.012451,1.954918,7742.835449,87.726219,0.503943,0.188107,0.111064,3.295925,-82.922226,3.722337,11.957023,95235.921875,0.118080,1
2940.440918,1.937653,7767.181641,90.422012,0.514029,0.151799,0.109785,1.663574,-79.942398,3.659231,13.903152,119991.593750,0.123011,1
3213.203613,1.957289,7825.911133,87.690758,0.513476,0.144556,0.106709,1.792967,-78.365944,3.658621,15.898777,147782.468750,0.116956,1
3534.761230,1.976792,7846.587891,90.749290,0.508203,0.132885,0.105830,1.257548,-77.014832,3.739556,18.114397,180910.921875,0.112041,1
3711.633789,1.978163,7883.134277,93.091080,0.509371,0.149696,0.116347,1.457617,-73.425949,3.771461,19.445881,200694.296875,0.112343,1
4014.558105,1.991812,7924.625488,93.092278,0.506886,0.177920,0.132898,1.942843,-72.535912,3.808446,21.349291,228158.015625,0.107730,1
4241.149414,1.981862,7908.787598,96.280914,0.511726,0.147901,0.121801,1.133277,-71.914856,3.782595,22.012341,243211.750000,0.109378,1
4236.855957,2.003683,7879.635742,97.630005,0.506448,0.141747,0.115798,1.166187,-72.705627,3.848637,21.789719,238914.718750,0.105313,1
4309.122070,1.998860,7859.064453,91.070518,0.506876,0.127502,0.108856,0.964327,-72.178497,3.812509,21.989517,243263.140625,0.107337,1
4297.007324,2.001185,7858.420410,92.741936,0.510436,0.131311,0.113797,0.921369,-70.078423,3.806128,22.306175,245611.968750,0.109043,1
4394.484375,2.017593,7863.945313,92.506233,0.508204,0.154160,0.124150,1.176138,-68.583961,3.829368,22.830416,252477.281250,0.106100,1
4400.377930,2.032464,7870.725586,92.557495,0.504278,0.159030,0.127393,1.392475,-68.783318,3.846085,23.134228,254442.640625,0.103265,1
4464.570313,2.020720,7883.779297,88.953522,0.508168,0.147531,0.123612,1.077393,-68.569206,3.789485,23.267445,258758.296875,0.105833,1
4330.924805,2.036114,7880.330078,90.344139,0.502915,0.156902,0.127408,1.356792,-69.202110,3.841335,22.864565,249061.765625,0.103241,1
4238.687500,2.029786,7878.654297,91.730019,0.506892,0.158841,0.128957,1.213206,-68.166145,3.832389,22.548386,243672.531250,0.106070,1
4317.783691,2.034189,7863.640625,91.054596,0.504666,0.131852,0.114760,0.966226,-69.074226,3.831564,22.542948,245875.062500,0.104056,1
4324.810547,2.039331,7841.815918,95.315941,0.502208,0.132688,0.116809,0.900212,-68.943222,3.868338,22.587255,244597.140625,0.102339,1
4099.580566,2.037236,7844.710938,96.178818,0.501859,0.168720,0.127562,2.174561,-66.154999,3.911192,21.996841,231464.437500,0.105590,1
3818.051514,2.053674,7822.424805,101.579880,0.494286,0.164939,0.128907,1.475487,-66.127853,4.030294,20.778648,209589.578125,0.103992,1
3894.716553,2.052137,7818.590820,98.636467,0.494721,0.162426,0.126275,1.537624,-66.269356,4.037434,20.990061,214070.484375,0.103844,1
3943.811035,2.030140,7843.995605,97.792343,0.502419,0.226644,0.134513,4.977710,-65.358131,4.003009,21.208952,221489.250000,0.109535,1
3858.610107,2.031977,7857.790039,99.581230,0.498963,0.199310,0.133771,3.159279,-65.243736,4.034216,21.029146,216897.328125,0.109563,1
3841.903564,2.032505,7852.394531,100.905075,0.499976,0.215117,0.147111,2.683048,-64.428665,4.064938,21.322678,217679.609375,0.110015,1
3849.434082,2.033919,7838.873047,102.095093,0.497253,0.227125,0.151021,3.510904,-63.641865,4.112294,21.696201,221371.546875,0.110938,1
2846.185303,2.097799,7341.289063,89.657112,0.448986,0.064827,0.059860,0.449476,-100.381187,4.154122,9.967470,71866.820313,0.082202,1
3028.536621,2.079506,7434.836426,91.883781,0.457162,0.068907,0.066738,0.460862,-100.414650,4.094175,11.927959,93571.406250,0.083577,1
3084.830322,2.076744,7505.805176,91.128922,0.457726,0.085208,0.078940,0.630060,-96.938049,4.126796,13.255565,108299.148438,0.084757,1
3824.138428,2.005531,7825.632813,103.495415,0.507021,0.180098,0.141474,1.453022,-65.015053,3.993503,21.385328,219565.812500,0.114157,1
3568.434570,2.005846,7822.550781,98.854820,0.503271,0.191802,0.147074,1.753941,-65.396416,3.997705,20.413288,200807.671875,0.115115,1
3480.853760,2.015961,7792.316406,97.837502,0.498440,0.176950,0.140246,1.378386,-68.082581,4.024867,19.630423,189300.875000,0.111954,1
3352.879150,2.011598,7766.973633,102.429596,0.499386,0.190518,0.141707,1.633765,-66.746742,4.095624,18.734816,176315.171875,0.114248,1
3201.155273,2.002342,7729.221191,110.332069,0.499959,0.217671,0.150564,2.411939,-65.245003,4.170788,18.177582,166315.265625,0.117930,1
3106.761719,1.989550,7719.480957,109.611153,0.499153,0.232827,0.160065,2.563522,-65.589905,4.194492,17.912685,160168.609375,0.121051,1
2602.899170,2.153181,7079.887695,93.194077,0.439955,0.002391,0.003424,0.013445,-105.028885,4.144855,0.207645,610.967407,0.073616,1
2631.547607,2.156860,7046.052734,94.821808,0.435557,0.004703,0.005838,0.030375,-106.732742,4.163520,0.389395,1242.405884,0.071767,1
2583.693604,2.142416,7049.837402,96.213112,0.439466,0.005420,0.007363,0.029942,-105.789536,4.121140,0.477448,1553.932617,0.074943,1
2589.243652,2.146591,7006.994629,92.241936,0.438812,0.004079,0.005340,0.028198,-107.922318,4.088122,0.566963,1951.552612,0.073456,1
2594.234375,2.125041,7030.481934,89.372635,0.444243,0.006858,0.009436,0.041803,-107.915710,4.035684,1.458128,6020.228516,0.077122,1
2617.375488,2.125592,7035.092773,89.760124,0.443254,0.010703,0.014463,0.061403,-109.021347,4.043283,2.682671,12653.546875,0.076091,1
2621.138672,2.105911,7086.295898,91.533028,0.450915,0.012049,0.016505,0.066709,-107.927681,4.017577,3.718546,19396.029297,0.080585,1
2660.019531,2.099965,7100.873535,88.426476,0.450373,0.016731,0.022006,0.090235,-108.877525,4.005930,4.169017,22049.841797,0.080267,1
2588.634766,2.293381,6727.981445,85.487297,0.407700,0.000000,0.000000,0.000000,-123.062683,4.361883,0.000000,0.000000,0.048121,1
2699.236328,2.308233,6614.041016,84.943314,0.403551,0.000000,0.000000,0.000000,-126.392662,4.330175,0.000000,0.000000,0.043825,1
2769.238037,2.289585,6634.628906,87.048958,0.410386,0.000141,0.000430,0.000378,-127.997559,4.265138,0.027180,59.864494,0.045533,1
2717.029785,2.285727,6687.935059,89.598755,0.412425,0.000430,0.000672,0.001863,-122.141281,4.301736,0.024000,57.325314,0.047467,1
2659.571045,2.268020,6765.659180,90.493896,0.419088,0.000485,0.001194,0.001610,-117.251701,4.290141,0.068743,164.946136,0.051667,1
2628.019531,2.279747,6736.013672,87.319969,0.412657,0.000515,0.000707,0.002951,-116.834717,4.266768,0.023511,53.247112,0.050500,1
2585.532715,2.267207,6836.164063,89.107185,0.417805,0.000570,0.001242,0.001922,-111.103157,4.280809,0.062574,154.542465,0.054531,1
2559.670654,2.276044,6830.499023,86.703987,0.411134,0.001920,0.002663,0.011158,-111.391747,4.311054,0.190992,498.699585,0.053607,1
2560.033447,2.278448,6822.315430,87.594482,0.410943,0.000641,0.001447,0.002089,-109.861992,4.314769,0.148017,388.630463,0.053718,1
3166.621826,2.070098,7524.686035,93.640488,0.460155,0.099790,0.080709,1.118217,-93.627815,4.149833,13.997274,118595.156250,0.086102,1
3604.188965,1.992405,7273.028320,87.793953,0.463296,0.029299,0.031346,0.204386,-145.007172,3.668558,5.200521,31995.996094,0.071873,2
3554.672119,1.987849,7327.671387,86.462540,0.464218,0.050949,0.042887,0.509542,-141.800461,3.658436,5.083364,30395.900391,0.074462,2
3514.965576,1.976472,7333.149414,84.251945,0.466934,0.050113,0.038391,0.608306,-139.885361,3.632093,4.191042,23829.681641,0.077378,2
3497.694824,1.980768,7257.833496,83.406898,0.464481,0.046812,0.037065,0.494386,-141.453125,3.628885,3.992399,22120.251953,0.076287,2
3439.636230,1.969666,7259.502930,80.071198,0.470309,0.034913,0.031158,0.302310,-141.400040,3.574197,3.619214,19550.355469,0.080072,2
3414.907959,1.971250,7236.043457,78.119751,0.469994,0.021902,0.023158,0.157805,-144.322266,3.550416,3.098425,16275.411133,0.079776,2
3375.986084,1.976910,7245.184082,77.751930,0.465855,0.018513,0.018256,0.160528,-145.300232,3.570660,2.313423,11509.095703,0.079337,2
3348.102051,1.984905,7316.986328,77.244965,0.462415,0.028946,0.024626,0.320018,-140.935089,3.589286,2.857734,14975.367188,0.079392,2
3308.825928,1.996964,7411.718750,77.343491,0.463500,0.040553,0.039168,0.309900,-134.385406,3.616859,4.596684,26879.562500,0.079719,2
3283.769043,2.009562,7478.893555,80.785545,0.466311,0.061764,0.058457,0.466234,-126.260681,3.629866,7.458157,49964.136719,0.079806,2
3314.796143,2.009013,7505.950195,83.897621,0.470929,0.067889,0.060588,0.630361,-121.719872,3.632535,9.468044,70607.765625,0.080653,2
3425.937012,1.996194,7526.163086,82.663383,0.475817,0.060344,0.058379,0.466604,-121.894928,3.598494,10.845566,86557.515625,0.081718,2
3221.952148,1.920894,7565.296387,81.470459,0.501182,0.089607,0.079186,0.664844,-101.204971,3.579125,12.502317,103259.484375,0.108392,2
3175.479980,1.925282,7572.354492,82.417061,0.501580,0.112736,0.091860,0.958615,-95.990540,3.622461,12.955946,106724.468750,0.110652,2
3113.733887,1.924723,7578.333984,84.165855,0.502636,0.107612,0.089797,0.904419,-93.514885,3.630393,12.959194,107077.023438,0.113190,2
3112.980469,1.935166,7595.781738,84.442108,0.501822,0.118612,0.096686,0.979653,-91.722023,3.629546,13.393778,111426.734375,0.111672,2
3111.894043,1.940008,7619.687012,85.284851,0.502407,0.108287,0.093600,0.764863,-91.563812,3.613296,13.331345,111110.351563,0.110515,2
3035.970215,1.928901,7633.445801,86.698929,0.508174,0.102510,0.089394,0.752786,-91.424843,3.563983,12.590796,103071.250000,0.113803,2
3046.595703,1.930175,7656.458984,85.794830,0.505321,0.108659,0.091003,0.907111,-91.437683,3.566246,12.461742,101943.406250,0.113049,2
3008.947510,1.937487,7675.833008,83.487984,0.504517,0.129205,0.103054,1.118615,-90.605965,3.571772,12.655642,102427.125000,0.112340,2
3035.486328,1.935935,7685.158203,81.251244,0.505866,0.128840,0.103853,1.247265,-91.495598,3.524613,12.958804,105413.968750,0.112005,2
3101.767334,1.916601,7687.010254,82.092537,0.513856,0.145894,0.113054,1.469082,-89.329918,3.494623,13.939323,116613.515625,0.116458,2
3097.184326,1.914299,7702.708496,84.146629,0.512922,0.156672,0.109821,2.423026,-89.381683,3.500296,13.733710,115849.898438,0.116798,2
3027.120605,1.914098,7705.634277,86.058960,0.512247,0.141081,0.106714,1.584683,-88.884796,3.507775,12.900764,105699.953125,0.117351,2
2949.072754,1.916309,7668.210938,85.459549,0.513477,0.124457,0.097003,1.355168,-88.742783,3.523811,11.870091,93995.718750,0.118062,2
2861.703125,1.916005,7625.329102,86.586212,0.510953,0.131956,0.091005,2.699151,-89.610931,3.541372,10.819581,82352.507813,0.119205,2
2789.333008,1.920072,7624.064941,84.837379,0.509341,0.113369,0.092697,1.111442,-88.943375,3.532493,10.307819,75901.375000,0.120282,2
2820.990723,1.925918,7607.835938,86.571030,0.506819,0.113209,0.089962,1.337162,-91.365707,3.535468,10.299736,76056.726563,0.117831,2
2833.718262,1.938971,7594.731445,79.294296,0.502683,0.113582,0.086064,1.418395,-92.509811,3.546229,9.918197,72470.203125,0.114703,2
2792.472168,1.933626,7570.563477,79.926903,0.504036,0.086556,0.076180,0.829939,-91.693398,3.537907,9.280848,66064.296875,0.116645,2
2781.550537,1.941233,7544.681152,80.906357,0.502648,0.077113,0.071335,0.569205,-92.554131,3.544743,8.576219,59317.949219,0.114771,2
2717.159180,1.955409,7506.667480,79.016319,0.499156,0.059701,0.061214,0.376121,-93.456909,3.550144,7.650235,50556.269531,0.112940,2
2956.148438,1.833288,7343.305664,72.598846,0.533537,0.000000,0.000000,0.000000,-115.223228,3.270091,0.000000,0.000000,0.128432,2
2883.805908,1.835119,7367.340332,74.620804,0.532137,0.000000,0.000000,0.000000,-110.573349,3.291362,0.000000,0.000000,0.130671,2
2876.967041,1.822063,7377.128906,75.318604,0.534962,0.000461,0.001186,0.001288,-111.179428,3.258140,0.122890,417.023560,0.134070,2
4597.334961,2.052007,7838.556641,119.539597,0.480416,0.246970,0.185200,2.039785,-75.073189,4.379681,25.640482,281653.750000,0.089638,2
2807.605957,1.943959,7419.522461,96.518723,0.475338,0.043366,0.034179,0.421464,-106.087784,4.047642,2.876224,14865.028320,0.107625,2
2756.385986,1.951749,7424.523438,98.899681,0.470485,0.041974,0.032948,0.426718,-104.505974,4.113795,2.947722,15430.746094,0.107457,2
2686.205078,1.939759,7417.702148,97.577782,0.477472,0.045079,0.035570,0.421258,-100.410332,4.084985,3.014268,15861.707031,0.113028,2
2672.524658,1.941535,7424.920410,98.390366,0.477389,0.052881,0.041267,0.505925,-98.018494,4.073240,3.496333,18797.611328,0.113712,2
2651.318115,1.943584,7461.921875,98.247246,0.478208,0.065775,0.046108,0.760755,-97.580116,4.096827,3.355471,17783.238281,0.114495,2
2623.194092,1.945436,7497.729980,99.029602,0.477197,0.080896,0.055047,0.970576,-94.014061,4.115696,3.959366,21831.445313,0.115929,2
2687.351807,1.953357,7521.910645,93.601974,0.478339,0.089471,0.064397,0.907555,-96.017029,4.027060,5.420517,32616.056641,0.112427,2
2708.604980,1.948846,7547.601563,95.056755,0.484032,0.086618,0.064560,0.856602,-93.521378,3.981660,6.601681,43031.988281,0.113827,2
2761.812988,1.961388,7581.738281,94.088547,0.482450,0.121473,0.084163,1.442188,-92.967979,3.975091,8.523458,59459.750000,0.110817,2
2830.846436,1.955162,7621.455566,93.918114,0.487108,0.122277,0.094330,1.059447,-90.183411,3.960341,10.631242,80247.468750,0.112943,2
2872.116455,1.950464,7648.338867,94.486732,0.491832,0.141689,0.101008,1.500061,-87.012329,3.962812,11.881567,94752.085938,0.115444,2
3021.173096,1.954214,7663.820801,95.928757,0.489059,0.135578,0.101925,1.307338,-86.822647,3.988636,13.643436,116206.015625,0.113476,2
3090.744629,1.947028,7668.205078,94.135567,0.493302,0.145221,0.107421,1.420642,-83.377083,3.992315,14.721236,129811.937500,0.116425,2
3076.111572,1.933019,7642.411133,96.927994,0.498040,0.126994,0.096564,1.135856,-83.363396,3.970683,14.209120,125865.992188,0.119897,2
2974.814209,1.938603,7617.020996,92.480698,0.492789,0.109128,0.088332,0.871835,-86.349266,3.977674,12.965357,109521.500000,0.117841,2
2887.182373,1.948035,7587.964844,91.774254,0.488049,0.101805,0.083525,0.813699,-87.965080,4.030217,12.084029,98814.515625,0.116440,2
2770.535645,1.944343,7557.465332,95.208008,0.489475,0.100014,0.081021,0.807556,-84.863106,4.064579,11.279728,89788.578125,0.120307,2
2770.677979,1.950525,7554.074707,93.503136,0.489552,0.105607,0.084653,0.854145,-84.478920,4.063396,11.171593,87450.375000,0.119005,2
2769.894043,1.948669,7536.234375,91.949539,0.488995,0.101790,0.078722,0.888242,-87.380035,4.038672,10.674927,82981.585938,0.118269,2
2699.458984,1.934816,7518.232422,92.425552,0.493519,0.086768,0.068441,0.738180,-86.634384,4.015935,9.697133,74120.554688,0.122570,2
2648.843994,1.938929,7514.404785,92.667633,0.490533,0.086789,0.068569,0.792202,-86.595856,4.038268,9.208426,68280.164063,0.122263,2
2607.807129,1.942156,7507.416016,93.434372,0.488664,0.080197,0.066362,0.686918,-86.330894,4.049453,8.346114,59169.441406,0.121983,2
2566.181641,1.944051,7504.321289,94.600876,0.488974,0.080941,0.065584,0.698127,-86.060226,4.040727,7.616170,52103.585938,0.121874,2
2526.867676,1.943141,7490.853027,93.809174,0.488827,0.090930,0.067238,0.833530,-86.033752,4.004271,6.688988,43666.304688,0.122210,2
2507.687012,1.947032,7489.656738,96.388237,0.489157,0.098349,0.072705,0.981517,-85.352776,4.020071,6.563549,41525.136719,0.122354,2
2442.739258,1.936259,7467.004395,99.566811,0.492869,0.080937,0.066300,0.647752,-81.952225,4.057739,6.521502,41531.406250,0.127739,2
2446.273926,1.955970,7469.377930,96.059471,0.487165,0.082495,0.066235,0.707986,-82.178368,4.097590,6.551897,41582.335938,0.123202,2
2392.156250,1.941465,7449.750488,97.511040,0.492981,0.085471,0.068795,0.735771,-79.289413,4.078082,6.327564,39332.375000,0.129006,2
2385.785156,1.962978,7470.078125,98.300674,0.488682,0.120886,0.078519,2.104533,-78.526459,4.158615,7.011257,44704.574219,0.124911,2
2392.520996,1.958768,7475.878906,100.619637,0.489112,0.105478,0.081162,0.978098,-77.258720,4.177811,7.673298,50264.015625,0.126184,2
2367.552246,1.956486,7461.131348,100.071945,0.488106,0.107461,0.082427,0.997876,-76.967751,4.189126,7.700814,50197.238281,0.127579,2
2390.611328,1.945044,7454.420898,102.960785,0.491621,0.124751,0.092268,1.117123,-77.878929,4.146695,8.012613,52380.734375,0.129135,2
2389.268311,1.934255,7442.995117,103.930298,0.494719,0.108591,0.085135,0.957402,-79.369270,4.087435,7.675386,49605.054688,0.131004,2
2391.031494,1.921746,7421.921387,99.815491,0.499325,0.094119,0.074603,0.829298,-80.677711,4.038107,7.013748,44891.671875,0.133184,2
4516.484863,2.053983,7855.432617,108.625862,0.478642,0.235433,0.181130,1.693436,-77.883278,4.265469,25.062288,274762.343750,0.087507,2
2724.260742,2.088056,7236.292480,96.502060,0.473939,0.018288,0.023886,0.106168,-109.834969,4.070231,3.257925,15157.584961,0.084573,2
2773.114502,2.137820,7219.181641,97.730637,0.460447,0.027398,0.031614,0.158647,-109.030815,4.209498,4.278965,21223.699219,0.074484,2
2715.895020,2.152647,7243.400879,91.725540,0.454472,0.032789,0.034939,0.230978,-107.851028,4.243530,4.280975,21215.972656,0.074035,2
2600.448730,2.134296,7338.912109,92.414322,0.462929,0.030137,0.034195,0.177636,-103.236893,4.174258,4.733538,25005.328125,0.081147,2
2712.267578,2.155220,7344.498047,91.545189,0.455329,0.031799,0.034011,0.204092,-107.363411,4.200978,5.005819,27516.333984,0.073984,2
2827.479004,2.174520,7325.761719,93.744453,0.445946,0.047510,0.046416,0.309116,-108.544586,4.268439,6.084322,35117.316406,0.068173,2
2846.166992,2.164071,7384.082031,96.080482,0.449461,0.052762,0.051387,0.358737,-106.860649,4.256550,6.294443,36800.015625,0.069843,2
2966.083496,2.159756,7332.830566,102.831635,0.446036,0.066631,0.054574,0.573474,-112.557716,4.282346,5.975762,34806.605469,0.066198,2
2976.168213,2.173326,7286.674316,100.982643,0.440068,0.080333,0.065159,0.650466,-113.985146,4.299997,5.870113,32782.843750,0.062966,2
2964.250977,2.184590,7247.732910,99.782036,0.434160,0.067896,0.060801,0.520483,-115.895241,4.319541,5.752312,31784.070313,0.060228,2
2968.845459,2.192140,7224.926758,97.145981,0.431176,0.062897,0.058936,0.451528,-117.325417,4.330622,5.723184,31765.027344,0.058565,2
2914.335693,2.172572,7300.677734,95.414116,0.434583,0.047167,0.049620,0.305223,-116.171272,4.305098,5.515676,31037.255859,0.062860,2
2904.937744,2.176592,7263.216309,92.604599,0.433052,0.045681,0.049308,0.279670,-117.978333,4.287957,5.073048,27426.970703,0.062112,2
2894.547852,2.173525,7226.075195,93.897079,0.428990,0.051531,0.053530,0.318111,-119.682076,4.288627,5.211661,28023.158203,0.061956,2
2898.841064,2.171064,7221.372070,92.427460,0.431620,0.052907,0.053144,0.347349,-120.056870,4.257609,5.274947,28678.281250,0.062205,2
2848.760742,2.143105,7319.831055,89.812683,0.440018,0.048762,0.051533,0.294152,-117.546585,4.167343,5.356159,29622.294922,0.068480,2
2794.130371,2.144633,7299.414063,94.847893,0.438771,0.065947,0.061092,0.450557,-113.900230,4.228645,5.807096,32454.392578,0.069728,2
2757.246338,2.142311,7300.563477,91.139389,0.438060,0.059953,0.054903,0.432686,-111.788017,4.237253,5.411447,29983.828125,0.071015,2
2731.048584,2.111251,7386.366211,93.514915,0.451930,0.057213,0.052199,0.421132,-107.863022,4.158217,5.562787,31791.505859,0.078286,2
2716.193604,2.107479,7418.857910,91.385544,0.456417,0.056556,0.052646,0.406707,-105.654610,4.117457,6.049804,35856.652344,0.080163,2
2686.274170,2.099063,7446.712402,91.431816,0.459523,0.051886,0.052469,0.331485,-103.759575,4.075849,5.976444,35149.316406,0.082676,2
2675.979736,2.080841,7470.066895,92.108261,0.466192,0.061601,0.056769,0.476122,-105.526314,3.978242,5.573017,31908.482422,0.085487,2
2663.640381,2.067590,7511.206543,92.389244,0.469196,0.061440,0.061032,0.391207,-104.326591,3.936500,5.898550,34125.656250,0.088309,2
2685.914063,2.053925,7541.598633,89.739769,0.476985,0.081317,0.070648,0.642863,-102.360863,3.892595,6.868789,42089.574219,0.091290,2
2722.107178,2.031339,7554.255859,87.366676,0.482606,0.071920,0.065604,0.508860,-103.039536,3.818732,6.932838,43339.332031,0.094785,2
2711.710449,2.011836,7556.416992,86.287323,0.485068,0.058360,0.058300,0.375939,-104.387741,3.774542,6.946088,44254.484375,0.098929,2
2670.296631,1.975324,7587.842773,84.749733,0.496482,0.066383,0.062756,0.441601,-100.013702,3.684498,7.200321,46968.492188,0.108889,2
2644.823486,1.960747,7614.801270,82.942551,0.502015,0.061636,0.060461,0.401454,-97.122833,3.634737,7.223863,47857.539063,0.113475,2
2693.159424,1.939261,7642.125977,83.082092,0.509211,0.075556,0.070418,0.515837,-95.290298,3.583856,8.724914,62059.207031,0.118172,2
2750.779297,1.917532,7667.656738,83.011948,0.518048,0.088216,0.079226,0.631307,-93.971588,3.522324,10.251349,78011.921875,0.123172,2
2846.702393,1.917822,7721.609863,80.413155,0.517787,0.091177,0.082077,0.660742,-91.500015,3.520126,11.629866,94362.507813,0.122655,2
2948.334229,1.893436,7725.520996,80.903992,0.525704,0.090968,0.081115,0.691265,-89.394768,3.471877,12.752720,109865.898438,0.128136,2
3121.087158,1.888072,7756.650879,80.387711,0.528854,0.113356,0.093560,1.010348,-87.916542,3.452641,14.589422,132891.375000,0.128307,2
3308.094238,1.883154,7818.788574,79.096558,0.531448,0.121835,0.105256,0.881571,-85.310242,3.445299,16.465868,157669.937500,0.128482,2
3455.183594,1.856097,7814.410645,80.735046,0.542940,0.112315,0.100931,0.748289,-83.318420,3.362050,17.405514,174829.609375,0.134567,2
3426.561279,1.855861,7795.195313,80.298157,0.544204,0.102941,0.093443,0.711148,-83.449448,3.333444,17.061954,171130.562500,0.134833,2
3509.049072,1.854711,7791.399414,80.985329,0.544513,0.116625,0.098419,1.005214,-81.368423,3.324980,17.718849,180613.109375,0.135399,2
3641.250000,1.858058,7834.319824,79.598061,0.548633,0.112899,0.101783,0.844652,-76.743477,3.324788,18.952150,199683.750000,0.136339,2
3800.427734,1.852475,7880.056641,80.434036,0.552345,0.136652,0.122846,0.896887,-74.715584,3.309517,20.689127,222909.625000,0.137763,2
3909.327881,1.849098,7898.358398,80.679924,0.553292,0.140520,0.129294,0.875921,-72.852058,3.315751,21.663960,237424.828125,0.139167,2
3906.257324,1.861544,7906.145508,80.897446,0.547981,0.159343,0.140990,1.029615,-74.063690,3.355030,21.953037,237982.781250,0.135501,2
3739.484863,1.863947,7876.074707,80.665459,0.544190,0.154363,0.135899,1.070664,-74.007973,3.393476,21.024813,222757.968750,0.136628,2
3523.435059,1.865903,7841.148926,80.704025,0.542906,0.146114,0.133268,0.915836,-74.750053,3.400382,20.115170,205748.953125,0.138210,2
3498.383545,1.877490,7834.913574,80.526512,0.540175,0.144441,0.130914,0.945645,-73.865082,3.412334,19.780720,200344.593750,0.135377,2
3600.948242,1.872230,7830.215820,79.657120,0.542886,0.160865,0.138414,1.213248,-71.999290,3.421257,20.521479,210970.937500,0.137597,2
3653.363281,1.879013,7836.270508,79.557457,0.540606,0.152860,0.134760,1.045235,-71.621834,3.438335,20.677151,214653.406250,0.135302,2
3614.218506,1.865204,7825.849121,83.982498,0.544833,0.159029,0.137527,1.199195,-71.415115,3.421005,20.552105,212450.484375,0.138508,2
3562.755859,1.849924,7824.568359,84.290733,0.546677,0.176998,0.143215,1.584680,-71.859337,3.425771,20.210766,207649.078125,0.141586,2
3458.817871,1.852192,7805.568359,86.785728,0.543604,0.186118,0.139282,1.904416,-73.152458,3.440268,19.101141,192369.140625,0.140133,2
3249.413574,1.874008,7784.789551,88.109871,0.537247,0.189942,0.130080,3.156057,-71.128014,3.526999,17.671719,170459.125000,0.138339,2
3087.207275,1.882669,7728.348633,90.226959,0.536712,0.187715,0.125396,3.467478,-71.426743,3.529841,16.456470,152393.015625,0.137938,2
3041.147705,1.905047,7710.044922,90.586021,0.529805,0.146143,0.116334,1.305454,-73.571716,3.572491,15.887321,143640.828125,0.132290,2
3010.247803,1.907095,7683.556152,93.005569,0.528482,0.143420,0.111485,1.324459,-73.525558,3.598519,15.325016,137013.640625,0.131856,2
2977.316895,1.905588,7671.807129,88.968384,0.526039,0.127917,0.106783,1.002650,-75.645233,3.591269,14.870744,130825.148438,0.131110,2
2986.727783,1.920266,7681.446289,87.315826,0.519112,0.137282,0.107665,1.294646,-79.894943,3.606806,14.547402,126363.882813,0.125201,2
2963.701904,1.940136,7661.295898,86.256981,0.511225,0.156429,0.117399,1.512326,-83.041252,3.637227,14.399550,121846.015625,0.119944,2
2926.293945,1.945849,7630.889160,86.189186,0.511135,0.184641,0.123210,2.242946,-82.766251,3.634342,14.013278,116387.640625,0.119689,2
2842.998047,1.949369,7605.007813,86.392715,0.508488,0.137328,0.107172,1.228828,-83.671822,3.638825,13.218843,107115.398438,0.119659,2
2822.808105,1.948908,7575.237305,84.056458,0.507213,0.150948,0.103312,2.087226,-84.137901,3.670319,12.641265,101119.460938,0.119766,2
2828.895996,1.955490,7554.922852,84.955780,0.502566,0.136207,0.099319,1.515993,-88.640808,3.672377,11.909245,92206.476563,0.115110,2
2803.603516,1.946715,7539.818359,83.793694,0.502911,0.142861,0.098797,2.081049,-91.912651,3.660071,11.150419,83546.843750,0.115599,2
2811.792236,1.939828,7534.497559,86.153862,0.503184,0.133581,0.095064,1.544976,-92.819923,3.645254,10.431522,76755.671875,0.116238,2
3943.809326,2.177930,7628.327148,116.985718,0.437090,0.160822,0.135893,1.092651,-79.900314,4.790379,21.443729,217755.781250,0.069813,2
3464.549805,2.190984,7563.241699,116.756142,0.426978,0.149000,0.128111,0.996601,-82.883728,4.838857,18.810167,175205.968750,0.068663,2
3065.264404,2.214916,7511.529785,114.544014,0.418719,0.158498,0.129262,1.187588,-83.697319,4.937122,16.247341,137165.125000,0.067019,2
2736.597168,2.228179,7456.347656,116.235001,0.412335,0.152199,0.123431,1.130330,-85.966164,4.994105,13.028116,97212.984375,0.066121,2
2568.906494,2.249835,7314.749512,122.355492,0.397982,0.136278,0.107563,1.094346,-93.171928,5.102096,8.708819,54487.339844,0.061042,2
2525.283203,2.224054,7387.216797,119.479797,0.402587,0.119474,0.095758,0.895254,-92.726097,5.061771,6.722731,38645.035156,0.065922,2
2582.412598,2.238170,7323.968750,122.717163,0.396348,0.126255,0.098715,0.977704,-96.210464,5.121151,6.669171,37965.285156,0.061397,2
2587.303955,2.235602,7334.413574,124.265053,0.396845,0.112044,0.092845,0.846220,-94.449165,5.146896,7.123130,42058.714844,0.061956,2
2626.823975,2.249540,7254.795898,124.414658,0.390680,0.125558,0.095961,1.013476,-97.117157,5.191372,7.166771,42427.050781,0.058278,2
2589.294922,2.252116,7260.124512,125.144638,0.395093,0.112977,0.090029,0.901654,-95.628456,5.199540,7.178638,42640.214844,0.059166,2
2550.983887,2.253053,7285.055664,127.685448,0.396477,0.118448,0.095803,0.874336,-92.596672,5.218069,7.292300,42750.449219,0.060453,2
2542.039063,2.271572,7226.141602,129.639359,0.388987,0.120227,0.094312,0.949074,-93.699318,5.283298,7.137621,41671.558594,0.057707,2
2525.499512,2.269303,7290.598633,126.186966,0.392733,0.121219,0.095778,0.983883,-91.674919,5.237586,6.965561,40046.679688,0.059111,2
2505.387939,2.261229,7326.903809,123.784561,0.396998,0.122826,0.096020,1.001807,-91.678673,5.212968,6.613278,37235.910156,0.061194,2
2464.299805,2.249351,7372.154785,123.260941,0.403374,0.118131,0.093726,0.908236,-90.365005,5.177346,6.444312,36145.992188,0.064487,2
2422.648926,2.270142,7345.460938,126.881889,0.394632,0.136458,0.101692,1.156908,-88.741394,5.315244,6.684781,37361.359375,0.062587,2
2453.735107,2.271305,7320.313477,127.838089,0.391413,0.126686,0.096385,1.086794,-89.656570,5.353589,6.586694,36800.738281,0.061457,2
2851.431152,1.822619,7277.692871,70.336029,0.541110,0.000000,0.000000,0.000000,-114.143562,3.207425,0.000000,0.000000,0.134679,2
2909.101074,1.813869,7296.906738,70.543457,0.539768,0.000000,0.000000,0.000000,-116.815666,3.215776,0.000000,0.000000,0.134499,2
4614.916504,2.056328,7844.397461,116.701660,0.477677,0.265445,0.193799,2.117378,-76.822876,4.331779,25.640512,283061.843750,0.086970,2
2933.548828,1.864715,7443.031250,85.590538,0.519103,0.109898,0.026538,5.122561,-114.958153,3.449602,1.123119,4881.097656,0.120877,2
5012.139160,2.037477,7842.176270,109.555679,0.484677,0.243673,0.182956,1.829059,-81.384308,4.168833,26.588728,308186.312500,0.084898,2
4708.156738,2.045996,7844.650391,110.485504,0.481824,0.243800,0.180054,2.126505,-80.220505,4.204365,25.520163,286298.406250,0.086056,2
4450.768555,2.048607,7854.535156,113.429230,0.480854,0.260786,0.191100,2.126221,-76.837379,4.278883,25.052017,271748.843750,0.089641,2
1658.157593,2.240291,6923.083984,134.013000,0.398839,0.000000,0.000000,0.000000,-71.074295,6.010824,0.000000,0.000000,0.089368,2
1581.765991,2.273659,6955.464844,150.472168,0.391395,0.113660,0.062446,1.553046,-61.101807,6.628242,2.774362,10690.633789,0.092574,2
1549.872437,2.281024,6946.402832,152.809204,0.389191,0.109739,0.056836,1.615463,-59.136646,6.889130,2.089755,7525.582520,0.093200,2
1541.724243,2.280774,6941.024414,154.933960,0.387280,0.127434,0.057750,2.079299,-59.091206,6.979588,1.661536,5695.119141,0.093755,2
1613.178101,2.258534,6893.714844,142.055527,0.390343,0.000000,0.000000,0.000000,-69.469398,6.316056,0.000000,0.000000,0.087364,2
1613.187378,2.269092,6939.914551,141.444809,0.391121,0.074130,0.031019,2.156535,-64.077637,6.499773,1.032518,3403.087646,0.091224,2
1634.421997,2.250220,6936.288574,134.108963,0.394993,0.042297,0.024688,0.581295,-65.766029,6.274150,0.762234,2341.293213,0.092844,2
1639.904419,2.235384,6917.867188,135.430679,0.399111,0.061826,0.025228,1.690826,-66.274788,6.221202,0.751965,2360.934082,0.094773,2
1590.433716,2.243229,6933.419434,138.658417,0.398860,0.061920,0.034599,0.841128,-62.746735,6.417788,1.189397,3930.349121,0.096598,2
1522.255371,2.232148,6948.774414,144.458145,0.402816,0.067880,0.036696,1.000042,-58.037525,6.621962,1.184609,3932.650879,0.103291,2
1493.983521,2.230445,6936.235840,150.225952,0.402928,0.061141,0.034447,0.823968,-56.225258,6.764080,1.191679,3986.092041,0.105502,2
1513.103638,2.240759,6950.548828,151.268509,0.400672,0.098097,0.049432,1.389515,-57.049603,6.793364,1.765320,6377.034668,0.102903,2
1516.634644,2.220822,6949.201660,145.050659,0.408245,0.074203,0.040908,1.020905,-57.819057,6.564089,1.544852,5478.724121,0.106403,2
1556.486938,2.218329,6985.349609,137.239975,0.410798,0.105143,0.056316,1.493798,-59.384243,6.268799,2.592307,10388.562500,0.105038,2
1553.463745,2.210473,7024.112793,137.503860,0.418283,0.144999,0.076280,2.168759,-56.353233,6.194082,3.841255,16937.828125,0.108967,2
1581.099731,2.209252,7031.404785,139.403046,0.418526,0.136966,0.076833,1.741471,-56.773434,6.223535,4.491576,20996.271484,0.108349,2
1532.813599,2.205952,7048.425781,151.238831,0.419827,0.182958,0.094010,2.787718,-53.623863,6.510175,5.093979,24534.414063,0.113166,2
1493.150146,2.219749,7039.363770,161.318481,0.414642,0.214100,0.103846,3.355378,-52.189922,6.833161,4.839796,22491.943359,0.112537,2
1483.002075,2.221312,7023.921875,160.870880,0.413660,0.274888,0.123091,4.549818,-51.941326,6.938231,4.793188,21582.976563,0.112442,2
1478.452026,2.202048,7033.332031,162.713104,0.420757,0.198867,0.103892,2.664539,-50.090874,6.877677,4.982048,23373.849609,0.117604,2
1501.378296,2.190652,7034.145508,155.536499,0.423710,0.208757,0.108419,2.736474,-51.904953,6.626510,5.215540,24824.281250,0.118287,2
1543.055176,2.173503,7042.520508,148.364685,0.431688,0.181697,0.098469,2.463056,-53.726707,6.276473,5.311499,25845.259766,0.119138,2
1565.034546,2.161157,7074.190430,151.502136,0.435050,0.171765,0.093860,2.122300,-54.514732,6.148959,5.286758,26511.642578,0.120704,2
1558.372192,2.158509,7076.767578,149.832458,0.435521,0.186598,0.098303,2.724804,-52.934608,6.228597,5.372042,26754.076172,0.122403,2
1548.344238,2.181018,7080.003906,158.178131,0.426992,0.206221,0.107514,2.953143,-52.359318,6.555210,5.679709,28431.529297,0.118837,2
1545.560669,2.197197,7097.383789,163.161301,0.421098,0.186670,0.103439,2.397906,-52.943665,6.746637,5.804266,29359.660156,0.115573,2
1537.195557,2.210168,7080.695313,170.934204,0.417086,0.173547,0.099234,1.962322,-53.777546,6.896031,5.437461,26893.933594,0.113023,2
1545.263184,2.218168,7091.434082,164.650986,0.415395,0.203133,0.107114,2.675633,-54.907036,6.759384,5.468015,26764.353516,0.110379,2
1618.352539,2.206771,7114.463379,147.415192,0.416687,0.159919,0.093530,1.846362,-58.573898,6.389266,5.604055,28413.566406,0.108296,2
1656.230103,2.208779,7120.997070,145.802277,0.418729,0.188807,0.106209,2.370891,-60.210373,6.132287,6.086275,30896.566406,0.106064,2
1696.583862,2.189008,7137.372070,145.548477,0.425349,0.174805,0.103209,2.090940,-60.119053,6.007411,6.695854,35568.234375,0.109085,2
1719.479492,2.195869,7171.794434,151.340530,0.420670,0.157203,0.099535,1.631613,-59.999603,6.189925,7.091198,39375.074219,0.107726,2
1699.651123,2.216675,7198.470703,162.003433,0.416003,0.259057,0.136969,3.646772,-57.117714,6.517204,7.832612,43312.976563,0.105982,2
1664.884399,2.225353,7175.333984,171.284836,0.411001,0.195837,0.112009,2.275597,-56.994274,6.754189,6.668140,35689.800781,0.104906,2
1653.606323,2.249253,7136.989258,174.426239,0.398115,0.238576,0.113559,4.290604,-59.132763,6.924646,5.006127,23908.462891,0.098565,2
1648.023804,2.238816,7078.498047,167.798553,0.398262,0.109250,0.058602,1.521205,-62.106987,6.770428,2.269768,9101.440430,0.098167,2
1696.101685,2.215425,7056.075195,166.722351,0.402408,0.066513,0.035574,0.958021,-66.496315,6.465413,1.017695,3493.205811,0.098247,2
1772.705933,2.219465,7027.344727,155.236816,0.398786,0.061582,0.028389,1.327927,-70.875443,6.231067,0.719981,2317.523193,0.092833,2
1805.852661,2.235605,7007.227539,159.777832,0.391759,0.052198,0.028344,0.737469,-73.125183,6.301986,0.841616,2780.887451,0.087997,2
1779.475830,2.237186,6986.729492,167.312531,0.390433,0.046803,0.027211,0.606300,-72.360680,6.490399,0.932420,3141.472656,0.088609,2
1773.765503,2.267064,6964.254395,178.696915,0.378527,0.045414,0.021193,0.887209,-70.601730,6.885079,0.671831,2165.333984,0.084002,2
1359.028564,2.350135,7035.464844,182.739563,0.382377,0.229487,0.096788,3.852853,-48.265762,7.716371,3.220904,12629.987305,0.094833,2
1340.735840,2.334928,7016.185547,186.793961,0.385314,0.185563,0.074996,3.476871,-47.529495,7.782785,1.886782,6570.818359,0.098032,2
1377.167480,2.327092,6992.366211,177.798782,0.384559,0.109266,0.051052,1.612539,-50.568516,7.594617,1.305348,4282.496582,0.096140,2
1400.704346,2.298394,7014.027344,163.131805,0.393744,0.104489,0.049186,1.662583,-52.324249,7.142755,1.321687,4382.178223,0.099776,2
1434.638428,2.296341,7025.998047,151.850784,0.395179,0.069958,0.037627,0.968590,-54.153770,6.876402,1.331578,4583.470215,0.098104,2
1424.715942,2.307500,7039.726074,151.822235,0.390645,0.081301,0.043109,1.086921,-54.259285,6.945821,1.372401,4706.881836,0.096741,2
1416.229980,2.292601,7041.439453,155.053329,0.396632,0.121574,0.059140,1.783150,-52.833855,6.983772,1.761481,6232.758789,0.100410,2
1396.802124,2.309575,7034.533691,166.227264,0.390347,0.153633,0.070267,2.315097,-51.455833,7.319493,2.085140,7642.994141,0.098873,2
1383.748535,2.329316,7031.370605,175.362534,0.384995,0.169154,0.073057,2.737267,-49.501274,7.648565,2.207650,8208.883789,0.097016,2
1382.352661,2.302025,7012.627441,174.163406,0.392152,0.144343,0.070957,2.041358,-50.037834,7.460021,2.236074,8177.939941,0.101147,2
1432.990723,2.289330,6995.917480,162.996307,0.393005,0.117234,0.057724,1.830207,-52.974106,7.193062,2.421831,9424.965820,0.099927,2
1445.850220,2.261803,7009.104980,156.098938,0.403397,0.098123,0.050710,1.462526,-53.541458,6.851511,2.326998,9172.892578,0.104249,2
1458.398560,2.256455,7028.860352,151.817215,0.405011,0.100384,0.054509,1.369097,-55.398922,6.632900,2.517105,10025.636719,0.104047,2
1486.278687,2.251488,7043.156250,146.761368,0.407209,0.083072,0.052616,0.923999,-55.407486,6.510221,2.998424,12564.426758,0.104335,2
1467.423950,2.257647,7059.789551,154.252701,0.407671,0.152956,0.080468,2.009352,-52.955383,6.730774,3.550009,15051.477539,0.105478,2
1444.289307,2.255704,7048.767578,164.665909,0.406250,0.152513,0.078042,2.120734,-51.996563,6.963601,3.405581,14455.610352,0.107302,2
1411.887085,2.257822,7049.810547,167.746536,0.405103,0.124090,0.065515,1.641298,-51.057259,7.134272,2.571490,10263.855469,0.108689,2
1449.873779,2.259940,7046.576172,165.083069,0.401462,0.075072,0.041229,1.035470,-53.320908,7.031878,1.605029,5965.227539,0.105387,2
1489.076782,2.258876,7047.202637,159.081696,0.401394,0.087913,0.047117,1.195935,-56.129082,6.832544,1.722167,6386.157227,0.102790,2
1509.979370,2.235439,7059.464844,151.222244,0.407783,0.081063,0.043848,1.158975,-56.898449,6.485353,1.690583,6325.032227,0.105727,2
1534.487671,2.237281,7068.145508,148.348038,0.409660,0.070696,0.039962,0.935868,-58.911587,6.315612,1.579506,5882.271973,0.103365,2
1567.478149,2.266587,7056.740723,151.218460,0.397827,0.055289,0.031925,0.741272,-60.598595,6.440852,1.349161,4919.837402,0.095978,2
1552.427490,2.282674,7056.328125,156.850159,0.393436,0.074988,0.040112,0.967905,-60.085979,6.638031,1.229602,4238.937988,0.094120,2
1543.861084,2.301349,7061.791016,157.904816,0.387135,0.077203,0.039795,1.150030,-58.141544,6.882881,1.247596,4329.768066,0.092205,2
1509.626831,2.293217,7077.569824,162.999741,0.391363,0.070883,0.037565,0.965681,-56.451046,6.980647,1.073778,3628.337646,0.095846,2
1531.004639,2.294078,7067.728027,155.219070,0.388622,0.070407,0.038407,0.988927,-57.597881,6.887688,1.260101,4357.147461,0.094324,2
1558.511108,2.290446,7057.719727,152.630676,0.390105,0.055800,0.031317,0.797258,-59.069576,6.744564,1.379780,5009.884277,0.093278,2
1576.808472,2.254092,7067.866699,142.494751,0.401555,0.041051,0.025031,0.482812,-60.664394,6.351443,1.075056,3825.363281,0.098302,2
1591.794067,2.250595,7065.836914,136.017624,0.403388,0.024153,0.016352,0.277931,-61.797894,6.186541,0.676929,2205.810791,0.097502,2
1608.363403,2.272261,7033.505371,141.661026,0.396153,0.018660,0.011660,0.242671,-63.809059,6.306408,0.384848,1137.448364,0.091959,2
1580.569214,2.279094,7021.557617,149.212769,0.392653,0.014071,0.009804,0.166465,-61.612686,6.553303,0.299263,844.774231,0.092385,2
1563.082153,2.281789,7009.911133,162.770081,0.392843,0.034251,0.020171,0.465038,-59.509895,6.810565,0.566699,1714.440308,0.093532,2
1541.083984,2.277178,7004.727539,163.087891,0.390378,0.016900,0.008352,0.285573,-59.539967,6.910579,0.188234,512.397339,0.094672,2
1569.374268,2.295475,6998.559082,161.661407,0.386439,0.033363,0.016775,0.492941,-60.689896,6.858085,0.340146,965.282410,0.090143,2
1633.913452,2.299116,7002.101074,154.297012,0.382404,0.029124,0.016842,0.380683,-63.776604,6.666032,0.418603,1202.786377,0.085946,2
1683.994751,2.306422,7000.151367,149.351944,0.380880,0.044137,0.023312,0.693167,-66.403282,6.479361,0.710149,2214.368164,0.082036,2
1703.422485,2.319047,6982.546875,151.393829,0.377627,0.028609,0.018277,0.334033,-68.135986,6.436436,0.603369,1834.063354,0.078550,2
1708.000610,2.336127,6963.104980,158.133774,0.372213,0.047059,0.027167,0.588879,-68.338402,6.630998,0.781053,2425.636963,0.075613,2
1684.241821,2.361721,6936.349609,168.694992,0.363187,0.086589,0.037966,1.612061,-66.735771,6.987203,0.935958,2946.286377,0.073040,2
1691.953613,2.401596,6852.496094,172.312027,0.347902,0.040611,0.021471,0.593859,-67.633591,7.272890,0.641175,1943.485596,0.065702,2
1682.631958,2.411865,6823.598633,184.166992,0.346260,0.058249,0.027220,1.029527,-66.897385,7.430691,0.726090,2180.464844,0.064494,2
1439.081421,2.126737,6900.665527,119.618561,0.441489,0.000144,0.000313,0.000575,-57.653767,5.696074,0.015758,37.328964,0.125954,2
1468.442749,2.117449,6919.343750,117.992409,0.443414,0.000000,0.000000,0.000000,-58.043434,5.541287,0.000000,0.000000,0.126603,2
1529.417725,2.121220,6925.931152,111.715622,0.443715,0.000000,0.000000,0.000000,-62.137180,5.318200,0.000000,0.000000,0.121114,2
1540.551147,2.133163,6911.258789,110.155891,0.438655,0.000000,0.000000,0.000000,-64.687851,5.333516,0.000000,0.000000,0.116301,2
1553.369263,2.157601,6930.098145,112.049294,0.429367,0.000000,0.000000,0.000000,-65.371391,5.514913,0.000000,0.000000,0.110839,2
1524.533569,2.188871,6922.680664,124.049347,0.417439,0.000000,0.000000,0.000000,-63.701393,5.886217,0.000000,0.000000,0.106574,2
1519.040894,2.183691,6918.044922,124.190384,0.419033,0.000000,0.000000,0.000000,-62.535137,5.991145,0.000000,0.000000,0.108517,2
1522.527466,2.195607,6905.061523,127.172600,0.414245,0.000000,0.000000,0.000000,-63.371738,6.094938,0.000000,0.000000,0.105385,2
1565.855225,2.200214,6906.739746,128.418045,0.411683,0.000000,0.000000,0.000000,-65.629463,6.061721,0.000000,0.000000,0.102038,2
1432.834717,2.162252,7098.318359,179.946823,0.437926,0.345355,0.136105,10.854760,-45.957439,6.837883,5.780591,28885.529297,0.131066,2
1637.632080,2.172826,6910.205078,122.820580,0.420995,0.000000,0.000000,0.000000,-69.452499,5.670627,0.000000,0.000000,0.103037,2
1672.414917,2.195370,6891.304688,115.740166,0.409193,0.000000,0.000000,0.000000,-74.675209,5.645319,0.000000,0.000000,0.095172,2
1642.400269,2.216746,6903.588379,118.445938,0.406112,0.000000,0.000000,0.000000,-72.073006,5.823850,0.000000,0.000000,0.093201,2
1597.903809,2.236154,6887.751953,127.290169,0.396304,0.000000,0.000000,0.000000,-68.715324,6.184355,0.000000,0.000000,0.091791,2
1574.206665,2.243257,6889.909180,133.230667,0.393765,0.001398,0.001079,0.014125,-68.712067,6.302983,0.022030,50.852345,0.091728,2
1562.609253,2.248035,6899.196289,140.644852,0.395012,0.000000,0.000000,0.000000,-66.297638,6.409680,0.000000,0.000000,0.091894,2
1656.333008,2.169238,7172.052734,188.725388,0.435059,0.924560,0.227949,71.841751,-49.749889,6.675632,9.580368,55127.097656,0.121662,2
1691.900513,2.193485,7194.531250,195.287247,0.425671,0.682764,0.238515,24.599306,-49.608486,6.949143,10.424581,60897.429688,0.116708,2
1604.656616,2.198457,6892.592773,133.637558,0.409351,0.000000,0.000000,0.000000,-68.067329,5.964746,0.000000,0.000000,0.099474,2
1894.935059,2.202212,7296.640137,201.256485,0.426345,1.652174,0.287185,187.512772,-49.253429,6.999927,12.854406,83920.789063,0.113421,2
1940.343872,2.187612,7314.117188,188.095078,0.432054,1.129971,0.283768,80.693764,-50.453251,6.672977,13.494703,89594.953125,0.114759,2
1993.891968,2.186267,7315.520020,183.228531,0.430626,0.610017,0.246401,19.406290,-52.823696,6.424850,13.891785,92177.835938,0.111514,2
1990.624634,2.194947,7305.803223,179.591644,0.428842,0.432863,0.213504,6.662167,-54.210712,6.357097,13.149720,86806.398438,0.108832,2
1906.112183,2.210891,7276.979492,186.150604,0.421999,0.633862,0.220567,35.263062,-54.494404,6.541799,12.382794,78637.750000,0.106494,2
1733.350830,2.234648,7226.357422,192.562531,0.414071,0.325611,0.170457,4.181200,-54.380768,6.868190,9.891506,58063.867188,0.104676,2
1677.979980,2.243460,7177.914551,198.213181,0.406849,0.279208,0.149246,3.450079,-54.703838,7.139909,8.382147,46711.339844,0.103443,2
1605.112671,2.251617,7156.640137,200.039093,0.400501,0.263129,0.133881,3.549999,-54.844303,7.288003,6.374740,32370.697266,0.102291,2
1601.690308,2.242278,7138.584473,192.323029,0.402385,0.192203,0.095382,2.834467,-57.100479,7.121281,4.506238,21532.638672,0.102438,2
1604.922852,2.232153,7123.937988,189.096359,0.404864,0.147440,0.078168,2.219256,-59.230373,6.922975,3.694540,16783.431641,0.102521,2
1634.651367,2.211336,7080.710938,180.237457,0.406953,0.064765,0.039019,0.819575,-62.375832,6.600979,1.502995,5600.348633,0.103171,2
1637.598633,2.199975,7058.540039,181.050568,0.409290,0.066137,0.034751,0.972646,-63.080147,6.560695,0.956175,3240.557617,0.104838,2
1380.878052,2.083910,6864.905273,116.710312,0.458547,0.043365,0.029556,0.485538,-53.004719,5.586613,1.569235,5839.782715,0.141164,2
1391.411011,2.091100,6873.916504,117.031570,0.456781,0.040648,0.030484,0.393852,-53.917728,5.546951,1.599005,5839.329102,0.138592,2
1419.643921,2.091467,6896.585938,111.419334,0.458577,0.046197,0.031808,0.485784,-55.723450,5.341330,1.839271,7038.523926,0.136413,2
1264.156372,2.052949,6937.393555,197.788696,0.485493,1.785843,0.310521,190.053711,-32.084282,7.110841,9.339009,53664.039063,0.177643,2
1396.456421,2.218903,7229.443848,215.709457,0.431613,0.945522,0.325527,22.002394,-37.550797,7.901289,10.355317,57486.175781,0.131569,2
1414.118164,2.084094,6923.307129,109.028351,0.465365,0.039133,0.030730,0.371469,-56.194519,5.082356,1.836912,7016.916992,0.138619,2
1410.243286,2.113306,6928.825195,111.962296,0.453392,0.030388,0.022972,0.314019,-55.986553,5.356201,1.360394,4913.627930,0.132303,2
1391.131958,2.116153,6900.221680,118.555542,0.449742,0.019454,0.015148,0.193010,-55.575756,5.582683,0.846747,2838.809814,0.132115,2
1406.414917,2.111578,6894.940430,118.441002,0.449574,0.004735,0.004054,0.047317,-56.182251,5.611254,0.125992,328.951569,0.131756,2
1444.899048,2.098187,6949.252930,105.359390,0.461786,0.044514,0.031529,0.533404,-58.451603,5.035508,1.801211,6841.427734,0.133517,2
1391.497192,2.281587,7224.300781,223.948669,0.408130,0.860360,0.286613,25.236149,-41.856792,8.025425,8.766526,45562.691406,0.114093,2
1379.989014,2.289497,7202.105469,215.831055,0.405533,0.726094,0.273502,12.036611,-42.723564,8.086435,8.430038,42819.789063,0.112121,2
1412.957764,2.295880,7235.343750,211.755402,0.402817,0.593841,0.249333,8.415617,-43.556763,8.058267,8.769314,46043.183594,0.109782,2
1458.057739,2.298742,7268.087402,210.994705,0.405013,0.724561,0.280484,11.580241,-43.769230,7.944862,9.588212,52180.695313,0.108478,2
1642.566162,2.305332,7305.390137,201.716034,0.402460,0.709452,0.295325,10.066845,-46.057045,7.646222,12.120152,71855.234375,0.102365,2
1735.657104,2.287913,7289.354492,194.840027,0.407758,0.662699,0.272519,11.327971,-47.557922,7.344822,12.414351,76076.578125,0.103089,2
1808.658813,2.308140,7323.795410,195.123398,0.402515,0.876173,0.296404,38.524910,-47.865654,7.346897,13.341453,83859.234375,0.097954,2
1838.612427,2.308787,7342.730957,196.474579,0.402308,0.656455,0.287453,8.987465,-46.538891,7.497966,13.883136,89010.046875,0.099020,2
1884.305054,2.332098,7328.740234,209.572235,0.395170,0.794692,0.309688,16.764174,-46.452747,7.816314,14.460184,93378.851563,0.094832,2
1829.381348,2.330957,7301.181641,214.155380,0.396068,0.772770,0.319597,13.022940,-45.312851,7.985562,14.588883,92013.859375,0.096849,2
1809.438965,2.346116,7295.258301,220.734818,0.390399,0.770432,0.320474,11.668651,-45.581829,8.115325,14.308296,89075.828125,0.094016,2
1703.932251,2.328090,7260.706055,210.946930,0.393030,0.565948,0.252606,7.917206,-46.862385,7.834370,11.975549,71222.367188,0.095914,2
1702.239502,2.315405,7222.234863,201.362869,0.392921,0.465398,0.212539,6.696312,-51.555187,7.459743,10.525269,61243.769531,0.093957,2
1608.414185,2.298826,7216.947266,191.930099,0.398598,0.313173,0.155185,4.311492,-52.148636,7.202816,8.118623,44493.902344,0.096940,2
1548.579956,2.314915,7202.379883,197.701859,0.392676,0.334106,0.160799,4.602140,-51.459862,7.401246,7.251201,37470.625000,0.095521,2
1473.710327,2.331163,7168.871094,206.635269,0.384545,0.367547,0.160867,5.566844,-51.649994,7.729488,5.626492,26399.005859,0.094146,2
1442.080933,2.339959,7126.759766,217.137177,0.377826,0.336925,0.143158,5.287072,-51.964405,8.072145,4.168377,17785.177734,0.093160,2
1425.866943,2.319811,7124.329102,221.128387,0.382838,0.333198,0.138641,5.359289,-50.551422,8.143115,3.634912,15021.306641,0.098027,2
1434.481934,2.316216,7127.529785,220.919342,0.385205,0.359361,0.149820,5.526996,-51.201920,8.043029,3.872311,16142.968750,0.097847,2
1437.017090,2.288034,7173.241699,209.034683,0.394071,0.299680,0.139427,4.122449,-50.910023,7.742970,4.242378,18466.667969,0.103264,2
1488.089600,2.303891,7204.581055,194.365921,0.391946,0.376722,0.165219,5.512640,-52.550911,7.523000,5.393993,25025.285156,0.098067,2
1518.370728,2.290212,7222.002441,192.446167,0.396698,0.413785,0.178361,6.209129,-52.769405,7.298579,5.914664,28056.312500,0.099195,2
1515.483643,2.280745,7252.303223,193.422546,0.398302,0.399321,0.178278,5.949684,-53.294746,7.272844,6.187090,30117.333984,0.100937,2
1499.634155,2.308477,7262.637695,197.685547,0.393062,0.482843,0.204787,7.349003,-50.788506,7.565740,6.802697,33539.859375,0.098027,2
1448.945557,2.282347,7286.398438,207.826187,0.403133,0.648416,0.251171,11.413191,-47.864933,7.699250,7.796614,39524.437500,0.107050,2
1435.809692,2.301010,7243.008789,205.319534,0.396211,0.568309,0.234803,8.632317,-47.288467,7.889376,7.602578,37994.937500,0.104470,2
1431.678345,2.279195,7272.202148,201.566360,0.404592,0.571947,0.235172,8.727579,-47.061199,7.644740,7.354345,36488.949219,0.108287,2
1467.543335,2.275868,7290.897461,203.778625,0.407043,0.579665,0.240241,8.629763,-48.393581,7.447848,7.866624,40194.632813,0.107419,2
1454.238770,2.246710,7280.077148,193.571472,0.417919,0.403011,0.189114,5.396643,-48.208210,7.084026,7.101089,36130.484375,0.113128,2
1490.531494,2.242224,7294.660156,192.042160,0.419236,0.417316,0.193409,5.787327,-48.169544,6.987150,7.715633,40415.417969,0.112730,2
1467.436768,2.278990,7324.003906,203.974747,0.408778,0.430101,0.200146,5.769619,-48.173882,7.286623,7.534110,38562.781250,0.106562,2
1433.225586,2.090336,6866.834473,100.339287,0.456321,0.020794,0.013551,0.257327,-57.247849,5.171293,0.404583,1121.912842,0.132387,2
1400.556274,2.093090,6863.055176,102.589500,0.456957,0.017482,0.009821,0.244369,-55.944294,5.220036,0.289330,780.093384,0.133675,2
1414.048218,2.108612,6854.395508,106.387100,0.447991,0.015521,0.009541,0.213216,-56.702099,5.458099,0.330838,909.159546,0.129600,2
1382.540527,2.078573,6807.218750,108.985580,0.453688,0.009104,0.005704,0.123035,-55.719196,5.526720,0.161071,417.489685,0.137195,2
1387.911865,2.067557,6791.241699,110.898460,0.456920,0.014123,0.007715,0.228896,-55.469322,5.549146,0.237232,638.170654,0.139778,2
1405.123291,2.052326,6782.656250,110.110428,0.461026,0.012391,0.009079,0.138716,-56.345440,5.386334,0.352933,1018.140320,0.142450,2
1427.360229,2.034153,6783.360352,101.551079,0.469857,0.013009,0.008784,0.171463,-57.601933,5.074715,0.367864,1075.855591,0.145076,2
1432.722778,2.019725,6775.851563,98.635201,0.475778,0.019768,0.013235,0.235202,-58.025768,4.929297,0.541167,1667.582031,0.148305,2
1451.605225,2.024116,6786.926758,98.776665,0.475157,0.028682,0.019697,0.338011,-58.537075,4.892319,0.985237,3326.551514,0.146272,2
1414.356445,2.038723,6788.448242,102.235367,0.469497,0.033379,0.022213,0.386175,-57.258514,5.088747,1.015501,3418.815674,0.145345,2
1391.396606,2.058256,6807.465332,105.898750,0.467523,0.038932,0.024006,0.485218,-53.653885,5.290318,0.824680,2600.883057,0.144274,2
1376.225952,2.059949,6795.756348,111.649742,0.460992,0.050945,0.030317,0.624919,-53.882038,5.454431,1.059633,3479.725586,0.144673,2
1380.113159,2.060755,6808.622559,110.704765,0.465252,0.037289,0.025491,0.380098,-53.361259,5.416225,1.023503,3420.207031,0.145088,2
1407.448486,2.071279,6827.504883,109.297676,0.461159,0.032066,0.022653,0.358248,-55.212223,5.351718,1.127113,3848.181152,0.140384,2
1447.566772,2.053730,6828.154297,104.051849,0.466884,0.045805,0.029257,0.562164,-57.522228,5.123776,1.484026,5381.420898,0.141593,2
1461.407837,2.043049,6834.899902,102.647415,0.471416,0.034041,0.024923,0.339600,-58.826767,4.946003,1.268756,4504.204590,0.143162,2
1461.692627,2.035883,6820.548828,105.728142,0.474117,0.037236,0.026244,0.382433,-58.052589,4.992970,1.698559,6617.337891,0.145233,2
1418.640015,2.064548,6841.284180,110.289116,0.463986,0.049333,0.031423,0.585726,-56.307938,5.278127,1.659942,6249.475098,0.141391,2
1418.360229,2.080862,6857.725586,114.916710,0.458134,0.034117,0.026235,0.338521,-55.823116,5.444517,1.531813,5649.097656,0.138369,2
1439.969360,2.094041,6931.270508,109.590210,0.461102,0.041684,0.032242,0.425964,-57.286552,5.159936,2.154964,8620.297852,0.135166,2
