3.3384708e-001,1.8646485e-002,1.0000000e+000
2.0531678e-001,7.2832798e-001,2.0000000e+000
4.9435707e-001,8.1665787e-001,1.0000000e+000
3.1208960e-002,1.1622045e-001,2.0000000e+000
8.2757441e-001,4.8855638e-001,2.0000000e+000
2.6425744e-001,3.4744841e-001,2.0000000e+000
6.7749933e-001,7.7389100e-001,1.0000000e+000
7.9386434e-001,2.8528674e-001,2.0000000e+000
6.8184386e-001,8.2439671e-001,2.0000000e+000
6.5075924e-001,1.7306108e-001,2.0000000e+000
2.3734173e-001,8.6364346e-001,2.0000000e+000
4.7740348e-001,9.2605476e-001,2.0000000e+000
9.3641927e-001,1.9110374e-001,2.0000000e+000
2.4110351e-001,5.0352494e-002,1.0000000e+000
2.0911388e-001,5.4844947e-001,2.0000000e+000
2.7247203e-001,9.5178987e-003,1.0000000e+000
7.7581742e-001,8.2836367e-001,2.0000000e+000
3.3141141e-001,9.0854440e-001,2.0000000e+000
6.0307470e-001,7.0529674e-001,1.0000000e+000
1.8401486e-001,2.4333031e-001,2.0000000e+000
8.7458850e-002,5.8923159e-001,2.0000000e+000
3.0891538e-001,9.3889996e-001,2.0000000e+000
2.3087840e-001,8.9550201e-001,2.0000000e+000
9.0918705e-001,6.0622621e-001,2.0000000e+000
9.3688435e-001,7.9237832e-001,2.0000000e+000
3.1878841e-002,8.3616753e-001,1.0000000e+000
5.9364704e-001,5.6014109e-001,1.0000000e+000
4.3817522e-002,6.9510397e-004,1.0000000e+000
4.2490284e-001,2.5127513e-001,1.0000000e+000
5.2158128e-001,4.3194860e-001,1.0000000e+000
8.4033942e-001,4.3065287e-001,2.0000000e+000
6.2502968e-001,8.7523304e-001,1.0000000e+000
2.5520468e-001,6.7640949e-002,1.0000000e+000
9.0469124e-001,3.3990679e-001,2.0000000e+000
7.6730060e-001,1.7706207e-001,2.0000000e+000
5.6266550e-001,2.4603520e-001,2.0000000e+000
8.9715353e-001,7.2781949e-001,2.0000000e+000
3.6807941e-001,2.8820489e-001,2.0000000e+000
3.3773101e-001,2.3734167e-001,2.0000000e+000
6.1885536e-001,1.3965902e-001,2.0000000e+000
8.6895440e-002,2.2073028e-001,2.0000000e+000
3.7549753e-001,8.1754670e-001,1.0000000e+000
1.8738107e-001,3.7822906e-001,2.0000000e+000
8.1052669e-001,6.6551522e-001,2.0000000e+000
7.2324820e-001,9.3581329e-001,2.0000000e+000
6.7467405e-001,4.2648112e-001,2.0000000e+000
9.1398142e-001,6.0516004e-001,2.0000000e+000
8.2096090e-001,9.6958443e-001,2.0000000e+000
5.4872464e-001,3.6465095e-001,1.0000000e+000
1.5541594e-002,6.6444758e-001,1.0000000e+000
9.4686357e-002,3.1475508e-001,2.0000000e+000
5.1475829e-001,8.8571584e-001,1.0000000e+000
9.5248264e-001,2.9554473e-001,2.0000000e+000
8.4306120e-001,2.9536608e-001,2.0000000e+000
9.3501225e-001,9.0708207e-001,2.0000000e+000
9.7341309e-001,4.9288459e-001,1.0000000e+000
3.7252639e-001,2.0713965e-001,1.0000000e+000
3.2090069e-001,2.5819248e-002,1.0000000e+000
7.8324790e-001,1.7020894e-001,2.0000000e+000
2.1222171e-001,3.0234055e-001,2.0000000e+000
9.5915221e-001,9.6143961e-001,2.0000000e+000
9.3023287e-001,7.8365743e-001,2.0000000e+000
3.6572949e-001,6.7325646e-001,1.0000000e+000
3.4491239e-001,8.4072227e-001,2.0000000e+000
6.9268163e-001,4.2085428e-001,2.0000000e+000
7.1660386e-001,7.0373735e-001,1.0000000e+000
8.0034350e-001,4.8128662e-001,2.0000000e+000
5.9367048e-001,8.2057598e-001,1.0000000e+000
9.7175012e-002,4.3739020e-001,2.0000000e+000
5.5950917e-001,8.5997384e-001,1.0000000e+000
4.3089960e-002,8.8972340e-003,1.0000000e+000
7.5763172e-001,9.9603112e-001,2.0000000e+000
6.5964753e-001,2.7520106e-001,2.0000000e+000
5.9945932e-001,3.3516410e-002,2.0000000e+000
2.2699475e-001,1.5209996e-001,2.0000000e+000
7.1371436e-001,4.7959615e-001,1.0000000e+000
7.2450241e-001,8.8884234e-001,2.0000000e+000
3.4421797e-001,2.8341911e-001,2.0000000e+000
3.2750826e-002,7.8412703e-001,1.0000000e+000
8.4361585e-001,1.7039250e-001,2.0000000e+000
7.7030011e-001,7.3129355e-001,2.0000000e+000
5.0964664e-001,2.4662183e-001,2.0000000e+000
7.0696328e-001,8.1840926e-002,2.0000000e+000
7.9117391e-001,8.5290875e-001,2.0000000e+000
3.3066902e-001,6.8655216e-001,1.0000000e+000
9.1367514e-001,9.5811062e-001,2.0000000e+000
5.7670496e-001,9.8505560e-001,1.0000000e+000
2.8790927e-001,5.3472262e-001,1.0000000e+000
2.6686486e-001,9.0598045e-001,2.0000000e+000
8.9017818e-001,4.7664862e-001,1.0000000e+000
3.6610119e-001,8.8967125e-001,2.0000000e+000
1.5001539e-001,2.3849760e-002,1.0000000e+000
9.4632757e-001,1.2872483e-001,2.0000000e+000
6.5083531e-001,7.4064020e-001,1.0000000e+000
9.8221457e-001,3.9102021e-001,1.0000000e+000
1.9383369e-001,3.9362846e-001,2.0000000e+000
8.2874259e-001,6.0184835e-001,2.0000000e+000
4.9380209e-001,2.3885473e-002,1.0000000e+000
5.9077854e-001,3.8767098e-001,1.0000000e+000
4.4890572e-002,5.6746128e-002,2.0000000e+000
5.6445815e-001,6.8957056e-001,1.0000000e+000
6.3354430e-001,5.2039091e-001,1.0000000e+000
4.9809976e-001,7.6086459e-002,1.0000000e+000
5.9623629e-002,4.0625975e-001,2.0000000e+000
5.1516318e-001,4.3021287e-001,1.0000000e+000
5.3194939e-002,6.5931227e-001,1.0000000e+000
8.4363192e-001,2.1839117e-001,2.0000000e+000
5.9467278e-001,8.1088659e-002,2.0000000e+000
6.9101883e-001,4.6767167e-001,1.0000000e+000
6.4722677e-001,7.2867172e-001,1.0000000e+000
6.2343984e-001,6.1398384e-001,1.0000000e+000
9.5385832e-001,9.0059774e-001,2.0000000e+000
1.7694399e-001,2.5277936e-001,2.0000000e+000
4.7490520e-001,2.2009532e-001,2.0000000e+000
8.4240361e-001,2.3580499e-001,2.0000000e+000
4.9696346e-001,8.1012951e-001,1.0000000e+000
7.6240473e-001,7.0240905e-001,2.0000000e+000
1.7987726e-001,8.7850486e-001,2.0000000e+000
6.9162206e-001,7.1101123e-001,1.0000000e+000
9.1442485e-001,6.6108024e-001,2.0000000e+000
1.6265742e-001,4.3957743e-001,2.0000000e+000
4.2809612e-001,5.6279360e-001,1.0000000e+000
4.1851866e-002,9.9031132e-001,2.0000000e+000
2.2574626e-001,9.5731541e-001,2.0000000e+000
6.6615037e-001,3.3681827e-001,2.0000000e+000
8.7134488e-001,1.5545580e-001,2.0000000e+000
3.4472834e-001,4.1707912e-001,1.0000000e+000
2.7251564e-002,5.5447702e-001,2.0000000e+000
9.0528267e-001,2.9752119e-002,2.0000000e+000
4.7106225e-001,8.6670627e-001,1.0000000e+000
9.1046402e-001,8.9441424e-001,2.0000000e+000
3.2797977e-001,4.9719038e-001,1.0000000e+000
6.9110354e-001,2.0928700e-001,2.0000000e+000
1.7447981e-002,7.2159713e-001,1.0000000e+000
5.1234685e-001,6.9971610e-001,1.0000000e+000
3.3181368e-001,4.6074723e-001,1.0000000e+000
3.3611245e-001,1.7059305e-001,1.0000000e+000
9.5334560e-001,7.9437145e-001,2.0000000e+000
7.5050541e-001,8.8849964e-001,2.0000000e+000
3.3392423e-001,1.4251452e-001,1.0000000e+000
6.3283275e-001,9.3967160e-001,2.0000000e+000
4.1554571e-001,2.6085517e-004,1.0000000e+000
5.7649980e-001,4.3880502e-001,1.0000000e+000
9.5950053e-001,1.1167770e-002,1.0000000e+000
6.1584823e-001,2.3451551e-001,2.0000000e+000
1.5057790e-001,7.0698420e-001,2.0000000e+000
8.3827070e-001,6.9416437e-001,2.0000000e+000
7.2616542e-001,2.6512084e-001,2.0000000e+000
1.0884620e-001,3.2657362e-001,2.0000000e+000
1.6135154e-001,9.3233937e-002,1.0000000e+000
2.9701029e-001,4.1599353e-002,1.0000000e+000
4.2358244e-001,7.5928015e-001,1.0000000e+000
5.2841442e-001,3.2487449e-001,2.0000000e+000
2.7509737e-001,5.2182181e-001,1.0000000e+000
8.2795608e-001,9.5188788e-001,2.0000000e+000
7.9278474e-001,6.6897842e-001,2.0000000e+000
2.7374799e-001,4.7312162e-001,2.0000000e+000
6.1569440e-001,6.4937216e-001,1.0000000e+000
1.0155072e-001,6.6563591e-001,1.0000000e+000
6.6996322e-001,2.3014744e-001,2.0000000e+000
3.4739660e-001,8.0488967e-001,1.0000000e+000
6.6949560e-001,5.0278505e-001,1.0000000e+000
2.9530224e-001,4.3402971e-001,2.0000000e+000
6.8042797e-001,7.0903358e-001,1.0000000e+000
3.9377307e-001,5.5526399e-001,1.0000000e+000
3.9181833e-001,2.5500379e-001,2.0000000e+000
2.0696330e-001,7.5200568e-002,1.0000000e+000
7.2452031e-001,5.8910238e-001,1.0000000e+000
8.1930536e-001,6.7424207e-001,2.0000000e+000
9.2647164e-001,5.8801341e-001,1.0000000e+000
5.1411999e-001,5.3370226e-001,1.0000000e+000
1.9314329e-001,4.7261637e-001,2.0000000e+000
6.0290091e-001,3.2381120e-001,2.0000000e+000
1.9818019e-001,4.3098609e-001,2.0000000e+000
4.1039258e-001,7.6489780e-001,1.0000000e+000
8.5307481e-001,9.9646268e-001,2.0000000e+000
4.2908179e-001,2.6501829e-001,2.0000000e+000
9.2565858e-001,7.9206700e-001,2.0000000e+000
3.7307772e-001,1.3460926e-001,1.0000000e+000
6.9824637e-001,3.5536148e-002,2.0000000e+000
5.8862542e-001,4.5394649e-001,1.0000000e+000
1.0086614e-001,5.6297706e-001,2.0000000e+000
4.1239500e-001,2.3088280e-001,1.0000000e+000
9.2470823e-001,1.4476242e-001,2.0000000e+000
5.5550474e-002,6.7709583e-001,1.0000000e+000
3.8404755e-001,3.5407051e-001,1.0000000e+000
2.4064012e-001,5.1047231e-001,2.0000000e+000
2.2780861e-001,6.9470665e-001,1.0000000e+000
3.5712039e-001,5.9529295e-001,1.0000000e+000
9.2410256e-001,5.0611076e-001,1.0000000e+000
5.0249835e-001,7.7639926e-001,1.0000000e+000
8.0323764e-001,6.8520274e-001,2.0000000e+000
3.5027203e-001,3.1949364e-001,2.0000000e+000
4.5868251e-001,8.3214288e-001,1.0000000e+000
9.5109666e-001,6.6082156e-001,2.0000000e+000
1.3298338e-001,5.8706822e-001,2.0000000e+000
7.0307241e-002,1.9078430e-002,1.0000000e+000
7.0608144e-001,8.3695003e-001,2.0000000e+000
9.3170278e-001,1.1399786e-001,2.0000000e+000
1.0890091e-001,8.4042045e-001,2.0000000e+000
6.5169684e-001,3.3749673e-001,2.0000000e+000
1.4606214e-001,4.2943563e-001,2.0000000e+000
6.9396293e-001,7.9377867e-001,2.0000000e+000
6.2561362e-001,1.4156748e-001,2.0000000e+000
4.3723399e-002,6.0810184e-001,2.0000000e+000
7.9792383e-001,9.3062882e-001,2.0000000e+000
9.8621070e-001,6.3644376e-001,2.0000000e+000
4.3674482e-001,4.7770657e-002,1.0000000e+000
3.4474885e-001,6.9834613e-001,1.0000000e+000
4.8806118e-002,2.5710953e-001,2.0000000e+000
2.2520291e-001,6.9090150e-001,1.0000000e+000
5.8101292e-001,3.6317977e-001,2.0000000e+000
6.0137534e-001,5.4188423e-001,1.0000000e+000
2.5251840e-001,2.2214192e-001,2.0000000e+000
6.5434166e-001,9.0548733e-001,2.0000000e+000
6.0095596e-002,3.7354117e-001,2.0000000e+000
9.4050609e-001,7.8816497e-002,2.0000000e+000
9.2530578e-002,3.0929937e-002,1.0000000e+000
3.3397793e-001,6.2690080e-001,1.0000000e+000
6.5104964e-001,9.3699664e-001,2.0000000e+000
5.0391078e-001,3.1993530e-001,2.0000000e+000
5.3092514e-001,7.4517473e-001,1.0000000e+000
3.7912373e-001,2.8892840e-001,2.0000000e+000
7.6890741e-001,1.2435404e-001,2.0000000e+000
2.8251127e-001,5.1408099e-001,1.0000000e+000
6.4927274e-001,3.8751187e-001,2.0000000e+000
9.2218382e-001,9.7860976e-001,2.0000000e+000
3.3067189e-001,2.9181774e-001,2.0000000e+000
8.1343913e-001,5.9234256e-001,2.0000000e+000
7.8763560e-001,5.7135644e-001,1.0000000e+000
1.2432248e-001,6.1585599e-001,2.0000000e+000
1.5738755e-001,5.6091426e-001,2.0000000e+000
4.1499827e-001,2.7985940e-001,1.0000000e+000
6.8733280e-001,1.5184963e-001,2.0000000e+000
6.5770391e-001,7.3301251e-001,1.0000000e+000
6.7997750e-001,3.9698520e-002,2.0000000e+000
9.3866770e-003,8.0162231e-001,1.0000000e+000
1.2860957e-001,4.0641689e-001,2.0000000e+000
7.6390638e-001,8.3001144e-001,2.0000000e+000
8.4191550e-001,9.7103549e-001,2.0000000e+000
7.4694859e-001,4.2248306e-001,2.0000000e+000
9.4452347e-001,5.3904847e-002,2.0000000e+000
9.1971423e-001,7.8703677e-001,2.0000000e+000
2.2307429e-001,6.3007702e-001,1.0000000e+000
5.0976719e-001,5.0881938e-001,1.0000000e+000
7.8774019e-001,5.6768616e-001,1.0000000e+000
5.2245191e-001,3.0919087e-001,2.0000000e+000
6.1739194e-001,7.4713597e-001,1.0000000e+000
5.5824070e-001,3.3666085e-001,2.0000000e+000
7.3099203e-001,8.8335438e-001,2.0000000e+000
6.3402116e-002,3.3365592e-001,2.0000000e+000
4.9278653e-001,7.9601457e-001,1.0000000e+000
2.2992404e-001,8.0478383e-001,2.0000000e+000
3.3739108e-001,5.0238676e-002,1.0000000e+000
5.5163811e-001,4.0250513e-001,1.0000000e+000
7.4368567e-001,9.6519164e-001,2.0000000e+000
4.1230555e-001,4.1437594e-001,1.0000000e+000
5.0761833e-001,3.3052357e-001,1.0000000e+000
1.2897237e-001,6.3637235e-001,2.0000000e+000
2.1483566e-001,8.5802537e-001,2.0000000e+000
2.9282964e-001,7.8828398e-001,2.0000000e+000
4.4996583e-001,5.3840974e-001,1.0000000e+000
2.4028212e-001,7.4167045e-001,1.0000000e+000
2.6326349e-001,7.3972061e-001,1.0000000e+000
8.9158257e-001,4.4479461e-001,2.0000000e+000
5.8613983e-001,8.5040986e-001,1.0000000e+000
9.3867462e-001,4.9453486e-001,1.0000000e+000
6.1807988e-001,9.4815753e-001,2.0000000e+000
2.5071904e-001,7.9778819e-001,2.0000000e+000
1.0253745e-001,1.3304458e-001,2.0000000e+000
5.4636390e-001,2.3776975e-001,2.0000000e+000
4.4264561e-001,1.2772347e-001,1.0000000e+000
6.9150614e-001,5.3412040e-001,1.0000000e+000
7.5943946e-001,5.6696690e-002,2.0000000e+000
3.9942119e-001,4.6857500e-001,1.0000000e+000
5.6741340e-001,9.8268780e-001,1.0000000e+000
2.0558392e-001,6.8222116e-001,1.0000000e+000
9.4352861e-001,8.7090072e-001,2.0000000e+000
5.1280664e-001,4.9621057e-001,1.0000000e+000
2.7624660e-001,2.8766221e-001,2.0000000e+000
2.2913955e-001,1.8301932e-001,2.0000000e+000
9.5292841e-001,9.6121901e-001,2.0000000e+000
6.8942083e-001,7.5626148e-001,1.0000000e+000
7.0787275e-001,9.5035349e-001,2.0000000e+000
6.5692191e-001,6.7126665e-001,1.0000000e+000
7.7896745e-001,1.8605461e-001,2.0000000e+000
5.8046956e-001,2.8984196e-001,2.0000000e+000
5.0323013e-001,5.8207824e-002,1.0000000e+000
8.7873131e-001,4.4066222e-002,2.0000000e+000
3.9294927e-001,2.7955883e-001,2.0000000e+000
2.4263551e-001,1.7046962e-001,2.0000000e+000
2.8162663e-001,6.7710056e-001,1.0000000e+000
9.0477101e-001,9.0241793e-001,2.0000000e+000
7.0267522e-001,3.5198732e-001,2.0000000e+000
8.5305573e-001,1.0015852e-001,2.0000000e+000
3.7868369e-001,7.9300224e-001,1.0000000e+000
6.3302163e-001,4.6843243e-001,1.0000000e+000
3.1556843e-002,6.8734121e-001,1.0000000e+000
9.2003354e-001,6.8307853e-001,2.0000000e+000
4.6974688e-001,4.2143589e-001,1.0000000e+000
5.1990319e-001,6.5934253e-001,1.0000000e+000
7.6631211e-001,6.3342713e-001,1.0000000e+000
3.3621660e-001,5.2514601e-001,1.0000000e+000
6.2598512e-001,1.9128145e-001,2.0000000e+000
3.2690201e-001,5.1190601e-001,1.0000000e+000
3.1110685e-001,7.4833026e-001,1.0000000e+000
6.4607840e-001,4.1982692e-001,1.0000000e+000
4.3369163e-001,7.3747942e-001,1.0000000e+000
1.0288655e-001,6.8646773e-001,1.0000000e+000
2.3615097e-001,9.5572601e-001,2.0000000e+000
9.7178280e-001,3.0790646e-001,2.0000000e+000
6.9889742e-001,3.4230086e-001,2.0000000e+000
6.5945026e-001,3.8703357e-001,2.0000000e+000
3.2609734e-001,2.6175905e-002,1.0000000e+000
1.9821917e-002,6.3354641e-001,1.0000000e+000
5.7047259e-001,5.6525106e-001,1.0000000e+000
3.6334902e-002,3.6551141e-001,2.0000000e+000
2.6474274e-001,4.2145870e-001,2.0000000e+000
1.9065843e-001,4.6220027e-001,2.0000000e+000
4.4929962e-001,3.1443878e-001,1.0000000e+000
7.6865518e-001,2.2566169e-001,2.0000000e+000
6.2793620e-001,1.1593688e-001,2.0000000e+000
3.1470029e-001,1.3396611e-001,1.0000000e+000
2.9204313e-001,9.4652344e-001,2.0000000e+000
7.8237989e-002,4.9243297e-001,2.0000000e+000
1.7194383e-001,7.4821363e-001,2.0000000e+000
7.2128035e-001,3.1093516e-001,2.0000000e+000
8.9448587e-002,7.7052848e-003,1.0000000e+000
9.1781220e-001,6.1562167e-001,2.0000000e+000
4.2967695e-001,3.5757334e-001,1.0000000e+000
7.9722871e-002,6.4882907e-001,1.0000000e+000
5.7214411e-001,8.4597723e-001,1.0000000e+000
8.3177231e-001,1.0135321e-001,2.0000000e+000
3.4736780e-001,5.8830183e-001,1.0000000e+000
7.7988900e-001,5.8238219e-001,1.0000000e+000
7.0833923e-001,5.2180376e-001,1.0000000e+000
5.9094236e-001,4.5459983e-001,1.0000000e+000
3.7699370e-001,9.6670201e-001,2.0000000e+000
3.9382502e-001,1.8230696e-001,1.0000000e+000
4.2830885e-001,5.5939213e-001,1.0000000e+000
4.2302561e-001,6.2647449e-001,1.0000000e+000
2.1892428e-001,3.0129997e-002,1.0000000e+000
4.9676465e-001,6.4227306e-001,1.0000000e+000
3.9869713e-002,8.3816113e-001,1.0000000e+000
5.6481650e-001,3.9513602e-001,1.0000000e+000
4.9142959e-002,4.3734220e-001,2.0000000e+000
8.7228124e-001,8.4882778e-002,2.0000000e+000
8.6002476e-001,5.8137747e-001,2.0000000e+000
3.3825794e-001,8.7168198e-001,2.0000000e+000
9.7403046e-001,2.0690708e-001,2.0000000e+000
9.5477501e-001,9.4610032e-002,2.0000000e+000
9.8862100e-001,1.8795220e-001,2.0000000e+000
1.5771767e-001,6.6783658e-001,2.0000000e+000
2.9183503e-003,7.3242091e-001,1.0000000e+000
2.4817996e-001,6.3101045e-001,1.0000000e+000
3.4629012e-001,4.6820615e-001,1.0000000e+000
2.3333871e-001,3.1436233e-001,2.0000000e+000
7.5589118e-001,6.4146666e-001,1.0000000e+000
2.2592768e-001,5.6202690e-001,2.0000000e+000
4.4844325e-001,6.6372667e-001,1.0000000e+000
2.5944457e-001,1.2487704e-001,1.0000000e+000
3.4579451e-001,6.7402718e-001,1.0000000e+000
9.0295495e-001,6.8031128e-001,2.0000000e+000
1.2700868e-002,9.3012014e-001,2.0000000e+000
1.3222280e-001,8.2881969e-001,2.0000000e+000
3.8806265e-001,1.7810035e-001,1.0000000e+000
8.4062101e-001,9.4924063e-001,2.0000000e+000
2.1326630e-001,1.9962285e-001,2.0000000e+000
9.3523440e-001,2.1768066e-001,2.0000000e+000
9.6980038e-001,8.5219373e-003,1.0000000e+000
3.7525856e-001,3.0062658e-001,2.0000000e+000
9.8486284e-001,2.7447082e-001,2.0000000e+000
1.2208569e-001,5.8644845e-001,2.0000000e+000
7.6095747e-001,3.9655285e-001,2.0000000e+000
5.7936168e-001,1.8640277e-001,2.0000000e+000
6.2115654e-001,3.9281640e-001,2.0000000e+000
4.8990424e-001,1.5459384e-001,1.0000000e+000
2.2045035e-001,8.3230445e-001,2.0000000e+000
1.4413424e-001,1.4975207e-001,2.0000000e+000
6.3517571e-001,6.7954595e-001,1.0000000e+000
8.0241569e-001,7.5008998e-001,2.0000000e+000
6.6964326e-001,1.4890008e-002,2.0000000e+000
4.7160296e-001,1.4224650e-001,1.0000000e+000
9.4447811e-001,3.0655604e-002,2.0000000e+000
5.9148087e-001,8.0869551e-001,1.0000000e+000
2.2674776e-001,4.7145955e-002,1.0000000e+000
6.8384369e-001,6.6618148e-001,1.0000000e+000
3.2064286e-001,4.5603244e-001,1.0000000e+000
7.4891854e-001,8.0299638e-001,2.0000000e+000
9.9814321e-001,3.5843891e-001,1.0000000e+000
2.6973335e-001,2.5334045e-002,1.0000000e+000
9.3186964e-001,2.1858816e-001,2.0000000e+000
6.9638705e-001,7.1091490e-001,1.0000000e+000
9.5259283e-002,5.4892079e-001,2.0000000e+000
2.4587217e-001,8.6969303e-001,2.0000000e+000
9.3465755e-001,7.3883566e-001,2.0000000e+000
4.7978422e-001,1.0323013e-001,1.0000000e+000
8.8252774e-001,9.7143321e-001,2.0000000e+000
7.7929732e-001,7.3871261e-001,2.0000000e+000
1.8283885e-002,1.3857577e-002,2.0000000e+000
7.7076175e-001,6.7912167e-001,2.0000000e+000
6.8579840e-001,4.8550273e-001,1.0000000e+000
8.6766706e-001,3.4718350e-002,2.0000000e+000
5.8050967e-001,1.1443962e-001,2.0000000e+000
6.2610478e-001,7.6625111e-002,2.0000000e+000
1.1114719e-001,6.0782468e-001,2.0000000e+000
2.1369422e-001,2.3346585e-001,2.0000000e+000
3.6369767e-002,1.4201144e-001,2.0000000e+000
4.4454493e-001,5.3017320e-001,1.0000000e+000
3.2658090e-001,9.3030134e-001,2.0000000e+000
2.8729423e-001,6.1690277e-001,1.0000000e+000
4.9645199e-001,6.8989192e-001,1.0000000e+000
1.8170519e-001,2.3442587e-001,2.0000000e+000
9.3379187e-001,2.0684386e-001,2.0000000e+000
9.4018128e-001,3.7366266e-002,2.0000000e+000
5.9146308e-001,6.6336497e-001,1.0000000e+000
8.0861821e-004,5.0725457e-001,2.0000000e+000
9.0300645e-001,4.8580045e-001,1.0000000e+000
6.8289294e-001,8.6169501e-001,2.0000000e+000
7.3851018e-002,9.6551490e-001,2.0000000e+000
9.9638416e-001,7.5968794e-001,2.0000000e+000
3.1445697e-001,2.4667945e-001,2.0000000e+000
8.0921984e-001,6.7626746e-001,2.0000000e+000
4.6145061e-001,7.5930544e-001,1.0000000e+000
5.8714147e-001,5.8618981e-001,1.0000000e+000
4.7759551e-001,8.2243927e-001,1.0000000e+000
5.5245363e-001,9.2683515e-001,1.0000000e+000
1.7531654e-001,6.3756688e-001,2.0000000e+000
5.8724487e-001,1.8937867e-002,2.0000000e+000
1.5480153e-001,1.8434063e-001,2.0000000e+000
4.4545255e-001,2.6740709e-002,1.0000000e+000
5.3762142e-001,9.3499867e-001,1.0000000e+000
4.6190011e-001,4.8446736e-001,1.0000000e+000
8.3410971e-001,7.9478556e-001,2.0000000e+000
9.9617231e-001,4.5683534e-001,1.0000000e+000
9.7224427e-001,4.9420926e-001,1.0000000e+000
7.4592937e-001,4.2571395e-001,2.0000000e+000
1.9995695e-001,8.9177216e-001,2.0000000e+000
3.6329236e-002,8.7428512e-001,2.0000000e+000
1.8860407e-001,6.3315037e-001,1.0000000e+000
5.7754735e-001,2.9227931e-001,2.0000000e+000
6.2827234e-001,2.9167834e-001,2.0000000e+000
3.6477475e-001,2.4550004e-001,2.0000000e+000
6.3655801e-001,7.0434792e-001,1.0000000e+000
8.9129346e-001,7.7461187e-001,2.0000000e+000
2.5351821e-001,8.2265356e-001,2.0000000e+000
2.8635934e-001,8.0618965e-001,2.0000000e+000
1.2541918e-001,2.5377095e-001,2.0000000e+000
5.2857377e-001,8.0049986e-001,1.0000000e+000
8.2076636e-001,6.2970872e-001,2.0000000e+000
2.9977546e-001,2.3150157e-001,2.0000000e+000
7.8767892e-001,3.8107676e-001,2.0000000e+000
4.3701257e-001,4.5320164e-001,1.0000000e+000
5.5053972e-001,5.0055956e-001,1.0000000e+000
9.8611447e-001,5.4057155e-001,1.0000000e+000
6.8978098e-001,3.4514516e-001,2.0000000e+000
9.7013678e-001,2.9143003e-001,2.0000000e+000
9.5965838e-002,7.0352859e-001,1.0000000e+000
8.9809224e-001,9.3407841e-001,2.0000000e+000
5.8443093e-002,5.9417476e-001,2.0000000e+000
1.2331815e-001,5.9309077e-001,2.0000000e+000
6.3072574e-001,7.3873103e-001,1.0000000e+000
3.7010435e-001,3.7264318e-001,1.0000000e+000
3.1957227e-001,4.5327038e-001,1.0000000e+000
7.9569433e-001,5.0937556e-001,2.0000000e+000
3.0170481e-001,9.2871084e-001,2.0000000e+000
6.0746169e-001,4.5078781e-001,1.0000000e+000
4.6197224e-001,6.3743487e-001,1.0000000e+000
2.9259269e-001,4.5936386e-001,2.0000000e+000
8.3241896e-001,5.5377446e-001,1.0000000e+000
5.7052596e-001,4.1232659e-002,2.0000000e+000
7.0508114e-002,8.0220218e-001,1.0000000e+000
2.6631169e-001,6.7151163e-001,1.0000000e+000
1.7087483e-001,2.0032759e-001,2.0000000e+000
5.6030742e-001,1.4586373e-002,1.0000000e+000
2.0209050e-001,7.6316603e-001,2.0000000e+000
4.9236881e-001,5.6751176e-001,1.0000000e+000
7.2936742e-001,6.5421380e-001,1.0000000e+000
9.5499638e-001,6.3474039e-001,2.0000000e+000
7.6236834e-001,7.3433020e-001,2.0000000e+000
8.0068139e-002,8.8732658e-001,2.0000000e+000
9.3824622e-001,6.6590901e-001,2.0000000e+000
9.7447384e-001,1.2067460e-001,2.0000000e+000
6.0711043e-001,7.1373559e-001,1.0000000e+000
9.5749496e-001,4.4722718e-001,1.0000000e+000
3.3065054e-001,6.4098235e-001,1.0000000e+000
9.0121514e-001,6.4889613e-001,2.0000000e+000
3.6562376e-004,6.7837539e-001,1.0000000e+000
4.8328002e-001,5.8827639e-002,1.0000000e+000
1.4747475e-001,2.2395326e-001,2.0000000e+000
3.1499209e-001,1.6798158e-001,1.0000000e+000
1.7137546e-001,9.2852941e-001,2.0000000e+000
5.9290694e-001,5.1523099e-001,1.0000000e+000
6.5760801e-001,6.7336352e-001,1.0000000e+000
3.4896269e-001,6.6780023e-001,1.0000000e+000
5.3693447e-002,8.1461425e-002,2.0000000e+000
4.7168031e-002,2.2507347e-001,2.0000000e+000
5.5857809e-002,2.8418921e-001,2.0000000e+000
7.1511996e-002,9.1376373e-001,2.0000000e+000
1.5675545e-002,2.2910157e-001,2.0000000e+000
9.7367901e-001,2.4862041e-001,2.0000000e+000
7.3479672e-001,6.7629075e-001,1.0000000e+000
7.5238561e-001,6.4849066e-001,1.0000000e+000
3.3313608e-002,7.0367685e-001,1.0000000e+000
1.1760612e-001,8.3710328e-001,2.0000000e+000
2.6130327e-001,7.2729570e-001,1.0000000e+000
8.9335800e-001,1.9434390e-002,2.0000000e+000
9.7206114e-001,5.8374648e-001,1.0000000e+000
9.9407389e-001,9.2087682e-001,2.0000000e+000
3.4678626e-001,9.1678007e-002,1.0000000e+000
2.9230214e-001,5.5456061e-001,1.0000000e+000
1.8724741e-001,9.3080279e-001,2.0000000e+000
7.4314834e-001,1.9945294e-001,2.0000000e+000
7.1801872e-001,5.2531958e-001,1.0000000e+000
1.8889473e-001,1.2673911e-001,2.0000000e+000
4.3393780e-001,7.4872728e-001,1.0000000e+000
4.5593135e-002,3.1466869e-001,2.0000000e+000
6.5547348e-001,1.8717413e-001,2.0000000e+000
7.8104221e-001,9.8039513e-001,2.0000000e+000
8.6290043e-001,7.1282713e-001,2.0000000e+000
7.8535287e-001,8.2564999e-001,2.0000000e+000
4.3349230e-001,6.8321982e-001,1.0000000e+000
3.4782125e-001,6.8940180e-001,1.0000000e+000
5.5388550e-002,5.3087588e-001,2.0000000e+000
8.1944144e-001,1.8885370e-001,2.0000000e+000
1.0604034e-001,4.9301571e-001,2.0000000e+000
6.0740465e-003,5.5953987e-001,2.0000000e+000
2.7504235e-001,8.2828027e-001,2.0000000e+000
9.4277130e-001,2.0286861e-001,2.0000000e+000
6.7425933e-001,5.2774622e-001,1.0000000e+000
3.8565839e-001,8.0781121e-001,1.0000000e+000
8.5694629e-001,3.5510446e-001,2.0000000e+000
6.7482489e-001,5.4775503e-001,1.0000000e+000
6.0809692e-001,7.1743784e-001,1.0000000e+000
4.3942584e-001,2.0251236e-001,1.0000000e+000
9.6128520e-001,6.4375690e-001,2.0000000e+000
8.2290650e-001,8.9015983e-005,2.0000000e+000
1.0499432e-002,5.1317698e-001,2.0000000e+000
1.4161673e-001,5.6982901e-001,2.0000000e+000
4.8280984e-001,7.0366999e-003,1.0000000e+000
5.8061843e-001,8.9247245e-001,1.0000000e+000
2.9298896e-001,8.3319361e-001,2.0000000e+000
4.3886697e-001,7.7516546e-001,1.0000000e+000
3.9826519e-001,7.8813564e-001,1.0000000e+000
1.3730548e-001,3.7362958e-001,2.0000000e+000
9.5276171e-001,1.5231198e-001,2.0000000e+000
3.6004467e-001,3.5226030e-001,2.0000000e+000
8.3697741e-001,6.4509792e-001,2.0000000e+000
4.1335726e-002,9.3193675e-001,2.0000000e+000
4.2383059e-001,9.3321035e-002,1.0000000e+000
7.5637970e-002,7.3877777e-001,1.0000000e+000
3.1381488e-001,5.5267359e-002,1.0000000e+000
9.4598265e-001,7.5715847e-001,2.0000000e+000
8.5450345e-001,4.6348936e-001,2.0000000e+000
1.7353112e-001,4.5004448e-002,1.0000000e+000
5.3588359e-001,8.4202950e-001,1.0000000e+000
2.9488921e-001,1.6471156e-001,1.0000000e+000
9.0287215e-001,1.1507394e-001,2.0000000e+000
8.1387409e-002,2.7156087e-001,2.0000000e+000
7.8747490e-001,3.1438629e-001,2.0000000e+000
1.7440849e-001,6.0608962e-001,2.0000000e+000
7.1998795e-001,6.7746671e-001,1.0000000e+000
2.3200666e-001,9.8764226e-001,2.0000000e+000
2.0713748e-001,9.9326075e-001,2.0000000e+000
2.1613211e-001,7.5753634e-001,2.0000000e+000
9.7667054e-001,2.7505961e-001,2.0000000e+000
3.8184901e-001,9.5401374e-001,2.0000000e+000
6.3528890e-001,4.1108237e-001,1.0000000e+000
4.6564039e-002,2.1662328e-001,2.0000000e+000
2.3206838e-001,6.2913008e-001,1.0000000e+000
8.7484038e-001,1.4869037e-002,2.0000000e+000
4.6014255e-001,4.3299786e-002,1.0000000e+000
3.0635742e-003,1.8026213e-001,2.0000000e+000
4.6494128e-001,2.0046509e-001,1.0000000e+000
8.2407189e-001,7.1935756e-001,2.0000000e+000
8.7188557e-001,4.4286756e-001,2.0000000e+000
3.0107453e-001,8.4549263e-001,2.0000000e+000
2.3600521e-001,3.8979010e-001,2.0000000e+000
8.3157826e-001,8.3755220e-001,2.0000000e+000
4.3775261e-001,7.4841865e-001,1.0000000e+000
5.0708731e-001,5.8386104e-001,1.0000000e+000
1.8547458e-001,1.6057360e-001,2.0000000e+000
1.5149857e-001,5.2884019e-001,2.0000000e+000
9.0680563e-001,4.6267090e-001,1.0000000e+000
9.9274990e-001,3.7954385e-001,1.0000000e+000
3.9008144e-001,9.3229987e-002,1.0000000e+000
8.2681055e-001,2.5914545e-001,2.0000000e+000
9.5405768e-001,3.3583664e-001,2.0000000e+000
8.9384206e-001,3.7511221e-001,2.0000000e+000
8.4100626e-001,1.4625966e-001,2.0000000e+000
6.8328416e-001,3.1676988e-001,2.0000000e+000
1.7179626e-001,2.8122541e-001,2.0000000e+000
2.3755131e-001,8.2012362e-001,2.0000000e+000
4.3428516e-001,3.4208966e-001,1.0000000e+000
2.5062185e-002,8.7200215e-001,1.0000000e+000
2.6864659e-001,2.6802949e-001,2.0000000e+000
9.8015935e-001,7.7543177e-001,2.0000000e+000
3.1269245e-001,6.0920899e-001,1.0000000e+000
5.7175164e-001,1.7968840e-002,1.0000000e+000
6.1166322e-001,7.0151145e-001,1.0000000e+000
9.0153807e-001,1.5752307e-002,2.0000000e+000
3.9603992e-001,6.8389312e-001,1.0000000e+000
6.9276666e-001,8.7790164e-001,2.0000000e+000
2.0448582e-001,4.3180607e-001,2.0000000e+000
6.2852786e-002,6.3134292e-001,2.0000000e+000
6.2238589e-001,5.8604074e-001,1.0000000e+000
6.8801958e-001,2.2741124e-001,2.0000000e+000
2.9678513e-001,7.8465468e-001,1.0000000e+000
5.7156184e-001,2.8763630e-001,2.0000000e+000
3.1622256e-001,9.2437560e-001,2.0000000e+000
8.0949800e-001,2.9847514e-001,2.0000000e+000
3.6549758e-001,5.3630319e-001,1.0000000e+000
6.9878990e-001,3.3364748e-001,2.0000000e+000
6.3342595e-001,2.3729396e-001,2.0000000e+000
9.6457910e-001,5.4523923e-001,1.0000000e+000
2.0079667e-001,1.0768562e-001,1.0000000e+000
5.9817774e-001,1.3715532e-001,2.0000000e+000
8.3703442e-002,9.4427479e-002,2.0000000e+000
5.4441471e-001,3.1088362e-001,2.0000000e+000
8.4614915e-001,8.1263639e-001,2.0000000e+000
4.0698329e-002,5.1355768e-001,2.0000000e+000
3.2936044e-001,8.6647642e-001,2.0000000e+000
7.0934966e-001,9.8048721e-001,2.0000000e+000
8.6031088e-001,3.2665264e-001,2.0000000e+000
5.0089862e-001,2.1961687e-001,2.0000000e+000
9.9475959e-001,5.1822374e-001,1.0000000e+000
4.2864014e-001,3.5300585e-001,1.0000000e+000
2.6734525e-001,8.5947714e-001,2.0000000e+000
4.7295188e-001,2.6002065e-001,2.0000000e+000
1.6084533e-001,8.4372103e-001,2.0000000e+000
1.5889781e-001,5.8280155e-001,2.0000000e+000
2.6834197e-001,7.1940553e-001,1.0000000e+000
7.5712006e-001,3.4352378e-001,2.0000000e+000
6.0917403e-001,9.2739181e-003,2.0000000e+000
9.6693303e-001,1.9244648e-001,2.0000000e+000
7.7332077e-001,5.0738778e-001,1.0000000e+000
5.7286458e-001,2.4241839e-002,1.0000000e+000
4.5022350e-001,5.5004144e-001,1.0000000e+000
2.8705708e-001,2.7618410e-001,2.0000000e+000
7.5238659e-001,6.9624121e-001,2.0000000e+000
9.4358161e-002,8.8135281e-001,2.0000000e+000
1.0678575e-001,2.4681402e-002,1.0000000e+000
7.3489363e-001,3.4120646e-001,2.0000000e+000
3.5459203e-001,4.2140568e-001,1.0000000e+000
5.8063360e-001,8.0011159e-002,2.0000000e+000
2.9885543e-001,7.9353809e-002,1.0000000e+000
7.1368094e-001,7.2376249e-002,2.0000000e+000
3.6048620e-001,9.0034101e-001,2.0000000e+000
7.1845953e-001,9.6930830e-001,2.0000000e+000
9.9532373e-001,3.9130696e-001,1.0000000e+000
8.3700105e-002,3.1358510e-001,2.0000000e+000
4.6820590e-001,5.5331358e-001,1.0000000e+000
9.3803058e-002,7.9204806e-001,2.0000000e+000
7.2517046e-001,7.9831408e-001,2.0000000e+000
9.1204544e-001,8.6325854e-001,2.0000000e+000
8.6414433e-002,7.9796220e-001,2.0000000e+000
5.1995089e-001,6.3764102e-003,1.0000000e+000
5.5263100e-001,9.1990136e-001,1.0000000e+000
6.8514904e-001,1.7962241e-002,2.0000000e+000
2.9965478e-001,2.9416480e-002,1.0000000e+000
6.0187772e-001,7.1145192e-001,1.0000000e+000
1.9850391e-001,5.3841419e-001,2.0000000e+000
6.5675742e-001,5.2458858e-001,1.0000000e+000
6.9835706e-001,5.0223993e-001,1.0000000e+000
4.5968038e-001,6.5672498e-002,1.0000000e+000
1.5765917e-001,2.3004062e-001,2.0000000e+000
4.2178582e-001,1.1704032e-001,1.0000000e+000
5.9605437e-001,9.8977106e-001,1.0000000e+000
3.2233150e-001,7.0516491e-002,1.0000000e+000
8.3072882e-001,6.0023656e-002,2.0000000e+000
1.2268501e-001,6.6157710e-001,2.0000000e+000
2.5118070e-001,3.4405777e-001,2.0000000e+000
9.3760752e-001,1.2851335e-001,2.0000000e+000
6.5520821e-001,6.3713566e-001,1.0000000e+000
7.5291087e-001,7.4648817e-001,2.0000000e+000
8.1085853e-001,8.0526730e-001,2.0000000e+000
4.8426718e-002,2.6902713e-001,2.0000000e+000
4.1470914e-001,4.3397978e-001,1.0000000e+000
7.2548906e-001,4.0180649e-001,2.0000000e+000
1.3904401e-001,6.0814234e-001,2.0000000e+000
6.3255726e-001,7.7008745e-001,1.0000000e+000
2.4683346e-001,9.4112397e-001,2.0000000e+000
8.3997227e-001,1.3146479e-001,2.0000000e+000
8.3667082e-001,2.5572273e-001,2.0000000e+000
4.5307242e-001,3.7831081e-001,1.0000000e+000
3.9475874e-001,9.9373570e-001,2.0000000e+000
9.6159530e-001,3.4095124e-001,2.0000000e+000
8.1783025e-003,8.9955210e-001,1.0000000e+000
3.9843869e-001,2.3748161e-001,1.0000000e+000
4.8777227e-001,2.2000108e-001,2.0000000e+000
6.1813676e-001,9.9107640e-001,2.0000000e+000
7.0009994e-002,9.5110505e-001,2.0000000e+000
1.4268792e-001,6.3821677e-001,2.0000000e+000
6.5422663e-001,5.0413084e-001,1.0000000e+000
2.1831959e-001,3.5811835e-001,2.0000000e+000
1.1913193e-001,7.6845211e-001,2.0000000e+000
4.3137101e-002,7.8436289e-001,1.0000000e+000
1.6555818e-001,2.8918093e-002,1.0000000e+000
5.1110590e-001,5.2441235e-002,1.0000000e+000
8.6726802e-001,3.2341898e-001,2.0000000e+000
7.6626074e-001,7.9968662e-001,2.0000000e+000
1.3495092e-001,6.3022977e-001,2.0000000e+000
6.4920678e-002,9.8279765e-001,2.0000000e+000
6.7244495e-001,1.5824974e-001,2.0000000e+000
4.8220692e-001,6.1667623e-001,1.0000000e+000
4.9541791e-001,3.0871722e-001,2.0000000e+000
3.1348366e-001,8.5078506e-002,1.0000000e+000
3.2350097e-001,8.7682956e-001,2.0000000e+000
9.0910131e-001,5.9070144e-001,2.0000000e+000
4.5033662e-001,3.0312314e-001,1.0000000e+000
7.4863580e-001,1.6807010e-001,2.0000000e+000
1.8525333e-001,3.3987675e-001,2.0000000e+000
8.4922020e-002,6.7446114e-002,2.0000000e+000
2.0702920e-001,6.5348985e-001,1.0000000e+000
5.5891566e-001,2.4428557e-001,2.0000000e+000
6.6170044e-001,7.5791823e-001,1.0000000e+000
9.3921316e-001,2.9901420e-001,2.0000000e+000
4.0245374e-002,4.1881509e-001,2.0000000e+000
1.6365850e-001,5.5832194e-002,1.0000000e+000
4.3812334e-001,3.0856320e-002,1.0000000e+000
3.2566760e-001,1.8658038e-001,1.0000000e+000
8.9932362e-002,2.7090565e-001,2.0000000e+000
8.1031964e-001,6.6243292e-002,2.0000000e+000
3.9955897e-001,3.3349369e-001,1.0000000e+000
6.5531430e-001,4.9905573e-002,2.0000000e+000
5.6684350e-001,1.0130850e-001,2.0000000e+000
3.1218644e-003,7.1869776e-002,2.0000000e+000
6.5135148e-001,9.0451302e-001,2.0000000e+000
3.1709734e-001,3.1179781e-001,2.0000000e+000
2.6593384e-001,5.9176892e-001,1.0000000e+000
4.6044820e-001,3.7762513e-001,1.0000000e+000
6.2316094e-001,9.5156384e-001,2.0000000e+000
8.0185343e-001,7.4239518e-001,2.0000000e+000
5.6116412e-001,8.8709336e-001,1.0000000e+000
2.4804090e-002,5.9889616e-001,2.0000000e+000
7.9354044e-001,6.8962986e-001,2.0000000e+000
2.7308882e-001,3.9111650e-001,2.0000000e+000
8.2291134e-001,2.2327368e-001,2.0000000e+000
6.8855478e-001,1.3126003e-001,2.0000000e+000
6.0390245e-001,1.7247832e-001,2.0000000e+000
3.8695009e-001,9.3859790e-001,2.0000000e+000
6.5535338e-002,3.4481953e-002,1.0000000e+000
9.9859339e-001,8.7955699e-001,2.0000000e+000
6.6104390e-001,5.2232745e-001,1.0000000e+000
2.2917230e-001,8.0824737e-001,2.0000000e+000
9.2254576e-002,4.4757973e-001,2.0000000e+000
2.4097866e-001,3.4653895e-001,2.0000000e+000
9.0256966e-001,7.5715076e-001,2.0000000e+000
2.1734799e-001,3.6021292e-001,2.0000000e+000
4.7952275e-001,5.5660668e-001,1.0000000e+000
9.0922826e-001,8.8872125e-001,2.0000000e+000
1.9378244e-001,8.4016386e-001,2.0000000e+000
4.4798761e-001,2.4402721e-001,2.0000000e+000
6.1780009e-001,4.3561821e-001,1.0000000e+000
5.9421303e-001,8.2855286e-001,1.0000000e+000
6.6587722e-001,1.5270328e-001,2.0000000e+000
2.6768019e-001,7.5795393e-001,1.0000000e+000
4.2386718e-001,8.7650849e-001,2.0000000e+000
7.9932380e-001,5.0212359e-001,2.0000000e+000
9.3231283e-001,5.7026673e-001,1.0000000e+000
4.6971910e-001,8.5148195e-001,1.0000000e+000
3.0630339e-001,9.8464274e-001,2.0000000e+000
4.3937183e-001,7.9021355e-001,1.0000000e+000
3.0686004e-001,3.5068294e-001,2.0000000e+000
2.7501297e-001,5.0190484e-001,1.0000000e+000
1.3874739e-001,2.5521228e-001,2.0000000e+000
1.6654747e-001,5.0987165e-001,2.0000000e+000
4.9394739e-001,7.8619852e-002,1.0000000e+000
8.6583511e-002,5.5899272e-002,2.0000000e+000
9.2683891e-001,6.3498787e-001,2.0000000e+000
1.4847625e-001,6.1690338e-001,2.0000000e+000
1.6047920e-001,8.1473466e-002,1.0000000e+000
7.1772359e-001,6.0952070e-001,1.0000000e+000
6.7489446e-001,5.4467064e-001,1.0000000e+000
3.5851954e-001,8.5592164e-001,2.0000000e+000
9.0457904e-002,6.4268955e-001,2.0000000e+000
8.2480451e-003,2.7163283e-001,2.0000000e+000
3.7277903e-001,1.0675066e-001,1.0000000e+000
7.8830714e-001,6.0513425e-002,2.0000000e+000
4.4728606e-001,6.2188301e-001,1.0000000e+000
9.9624683e-002,6.9907005e-001,1.0000000e+000
8.0583114e-001,2.7494003e-001,2.0000000e+000
6.5945499e-001,4.2196929e-001,2.0000000e+000
4.5236409e-001,3.6582270e-001,1.0000000e+000
5.3336236e-001,8.2158721e-002,1.0000000e+000
5.2666474e-001,6.9769788e-002,1.0000000e+000
6.2968106e-001,1.2088962e-001,2.0000000e+000
6.4656443e-001,6.7785300e-001,1.0000000e+000
1.9183073e-001,2.1893624e-001,2.0000000e+000
8.0173206e-001,2.3727994e-001,2.0000000e+000
1.9657099e-001,8.6346214e-003,1.0000000e+000
4.1129364e-001,7.2711124e-001,1.0000000e+000
2.3569336e-001,5.6103419e-001,1.0000000e+000
2.7220544e-001,5.5197261e-001,1.0000000e+000
8.6684941e-003,7.4225358e-001,1.0000000e+000
9.2828082e-001,8.2463324e-001,2.0000000e+000
5.2021950e-001,3.9339471e-001,1.0000000e+000
4.6412561e-001,1.3594365e-001,1.0000000e+000
5.2352973e-001,1.9574321e-001,2.0000000e+000
3.3681211e-001,7.2029919e-001,1.0000000e+000
3.3237895e-001,6.6963493e-001,1.0000000e+000
9.8828788e-001,5.9849616e-002,2.0000000e+000
4.7371690e-001,3.8427676e-001,1.0000000e+000
7.4686094e-001,4.9123594e-001,1.0000000e+000
6.6995883e-001,7.7416173e-001,1.0000000e+000
7.9559200e-001,1.4781116e-001,2.0000000e+000
2.7254343e-001,4.8553391e-001,2.0000000e+000
2.8391513e-001,7.1834908e-002,1.0000000e+000
7.1725575e-001,7.8744361e-001,2.0000000e+000
1.8463712e-001,3.9373211e-001,2.0000000e+000
8.3370336e-001,2.3616140e-001,2.0000000e+000
1.6966501e-001,8.0567657e-002,1.0000000e+000
9.5326568e-001,7.9004761e-002,2.0000000e+000
7.2254805e-001,9.2742865e-001,2.0000000e+000
1.3424840e-001,2.0471534e-001,2.0000000e+000
8.5309250e-001,9.5658058e-001,2.0000000e+000
9.3169274e-001,3.3974202e-001,2.0000000e+000
5.6418467e-001,9.5996648e-001,2.0000000e+000
3.9882333e-001,3.4314607e-001,1.0000000e+000
4.4160250e-001,6.3422837e-002,1.0000000e+000
7.0168074e-001,6.1247325e-001,1.0000000e+000
2.6004299e-001,5.5561339e-001,1.0000000e+000
2.8529451e-002,9.0645002e-001,2.0000000e+000
9.4796523e-001,2.0122533e-001,2.0000000e+000
9.9616896e-001,7.8769355e-001,2.0000000e+000
7.7948327e-001,3.4771909e-001,2.0000000e+000
9.8940141e-001,9.7215084e-001,2.0000000e+000
4.8755296e-001,8.3605243e-001,1.0000000e+000
1.2798266e-001,7.1180551e-001,1.0000000e+000
4.6436728e-001,2.1489952e-001,2.0000000e+000
7.4259049e-001,1.5447658e-002,2.0000000e+000
6.7339162e-001,2.1004370e-001,2.0000000e+000
8.7397951e-001,5.3646841e-001,1.0000000e+000
7.5825040e-001,1.0845808e-001,2.0000000e+000
6.1717524e-001,8.5376169e-001,1.0000000e+000
2.7481722e-001,9.1085113e-001,2.0000000e+000
3.3637834e-001,3.3372525e-001,2.0000000e+000
8.3572354e-001,4.6914323e-001,2.0000000e+000
3.8588638e-001,2.8968618e-003,1.0000000e+000
8.0346562e-002,3.1090826e-001,2.0000000e+000
8.6558437e-001,4.8522223e-001,2.0000000e+000
4.3537406e-001,2.6216541e-001,2.0000000e+000
1.7208087e-001,6.8311185e-001,1.0000000e+000
4.2964132e-003,9.1118572e-001,1.0000000e+000
6.5249683e-001,5.7050162e-001,1.0000000e+000
3.6968963e-001,2.6527800e-001,2.0000000e+000
3.7609920e-001,9.2847181e-001,2.0000000e+000
4.4134246e-001,6.4244754e-002,1.0000000e+000
5.1612385e-001,6.2630167e-001,1.0000000e+000
3.0011462e-001,9.4827871e-001,2.0000000e+000
4.7832181e-001,5.1639338e-001,1.0000000e+000
6.2468858e-003,9.5670361e-001,2.0000000e+000
1.7143590e-001,2.7202126e-001,2.0000000e+000
3.0355743e-001,5.2699004e-001,1.0000000e+000
7.4446456e-001,9.1119243e-001,2.0000000e+000
5.8089334e-001,2.1468518e-001,2.0000000e+000
7.0120718e-001,8.2678530e-001,2.0000000e+000
8.0466443e-001,1.3832772e-001,2.0000000e+000
8.5198524e-001,4.3775144e-001,2.0000000e+000
1.1772096e-001,8.7528268e-001,2.0000000e+000
6.5726366e-001,7.0431230e-001,1.0000000e+000
7.5295147e-001,4.9702218e-001,1.0000000e+000
7.0212879e-001,6.0959687e-001,1.0000000e+000
6.0511845e-001,7.7828402e-002,2.0000000e+000
3.8266625e-002,2.4143270e-001,2.0000000e+000
1.9515009e-001,2.5784156e-002,1.0000000e+000
3.3068170e-001,8.4647694e-001,2.0000000e+000
6.4283340e-001,1.4862796e-002,2.0000000e+000
2.1740393e-001,5.5041589e-001,2.0000000e+000
7.6909808e-002,1.1967116e-001,2.0000000e+000
9.8058936e-001,5.8794913e-001,1.0000000e+000
2.0675896e-001,6.2221094e-001,1.0000000e+000
9.8325334e-001,7.4701770e-001,2.0000000e+000
6.1037101e-001,3.0992809e-001,2.0000000e+000
2.4797855e-001,9.1650411e-001,2.0000000e+000
5.1795793e-001,7.8226597e-001,1.0000000e+000
7.1283105e-001,1.0104677e-001,2.0000000e+000
2.5986903e-001,2.8110455e-001,2.0000000e+000
1.1468601e-001,9.0750527e-001,2.0000000e+000
5.4966950e-001,1.1108716e-001,2.0000000e+000
2.1890177e-001,7.8981951e-001,2.0000000e+000
3.1217558e-001,1.0227956e-001,1.0000000e+000
9.7313308e-001,7.6794389e-001,2.0000000e+000
3.0919049e-001,6.6205542e-001,1.0000000e+000
9.4624750e-001,7.7309797e-001,2.0000000e+000
4.1056187e-001,9.3198143e-001,2.0000000e+000
1.0333602e-002,1.7688443e-001,2.0000000e+000
3.1006900e-001,2.0421761e-002,1.0000000e+000
1.5520684e-001,8.3363892e-001,2.0000000e+000
9.9408254e-001,4.7319359e-001,1.0000000e+000
4.5023920e-001,1.0864627e-001,1.0000000e+000
5.4521829e-001,8.9054378e-002,2.0000000e+000
2.6233178e-001,1.1512959e-001,1.0000000e+000
8.8254123e-001,1.6797286e-001,2.0000000e+000
1.0306107e-001,9.7251034e-001,2.0000000e+000
8.2356269e-001,2.8600364e-001,2.0000000e+000
4.2717573e-001,5.9902390e-001,1.0000000e+000
9.2034468e-001,8.5220949e-001,2.0000000e+000
5.2801216e-001,2.4478451e-001,2.0000000e+000
8.7083464e-001,7.2716840e-001,2.0000000e+000
3.5281081e-001,4.0079071e-001,1.0000000e+000
4.0015241e-001,3.1060056e-001,1.0000000e+000
5.9792289e-001,6.5379910e-001,1.0000000e+000
9.1151793e-001,3.9182520e-001,2.0000000e+000
1.3298702e-001,1.1933603e-001,2.0000000e+000
4.2167417e-002,9.7853816e-001,2.0000000e+000
4.0103896e-001,5.1825179e-001,1.0000000e+000
5.9570769e-001,5.0776866e-001,1.0000000e+000
9.1967930e-001,3.2502188e-001,2.0000000e+000
2.9377581e-001,1.9727175e-001,2.0000000e+000
5.4503934e-001,8.6289288e-001,1.0000000e+000
7.8168178e-001,2.6786829e-001,2.0000000e+000
3.2739954e-001,5.3868083e-001,1.0000000e+000
9.5262768e-002,5.5146556e-001,2.0000000e+000
4.4168261e-001,9.6325697e-001,2.0000000e+000
2.9076820e-002,2.6957551e-001,2.0000000e+000
6.7539038e-001,2.6571774e-001,2.0000000e+000
1.1159037e-001,3.0998978e-001,2.0000000e+000
1.9964028e-001,5.5729763e-001,2.0000000e+000
5.3016154e-001,3.7818929e-001,1.0000000e+000
6.2735685e-001,2.4576506e-001,2.0000000e+000
3.7359663e-001,6.7617912e-001,1.0000000e+000
6.0645363e-001,2.6129431e-001,2.0000000e+000
8.4638868e-001,9.6148626e-001,2.0000000e+000
7.0194569e-001,4.9757673e-001,1.0000000e+000
3.9287391e-001,4.2777230e-001,1.0000000e+000
5.7186866e-001,5.6779207e-001,1.0000000e+000
2.4977374e-001,6.1303846e-001,1.0000000e+000
7.2734673e-001,8.0699325e-001,2.0000000e+000
3.4332915e-001,8.8078342e-001,2.0000000e+000
7.8634675e-002,1.5997831e-001,2.0000000e+000
3.0223093e-001,8.9176925e-002,1.0000000e+000
3.0040248e-001,3.1313460e-001,2.0000000e+000
2.3221198e-002,6.0735274e-001,2.0000000e+000
1.7611425e-001,3.7873842e-001,2.0000000e+000
8.6091880e-001,9.2554276e-001,2.0000000e+000
6.5594817e-001,5.7013486e-002,2.0000000e+000
8.5653760e-001,9.9401591e-001,2.0000000e+000
2.7094047e-001,6.6695807e-001,1.0000000e+000
8.9594778e-001,6.1714996e-001,2.0000000e+000
2.0879040e-001,1.4788577e-001,2.0000000e+000
9.6416818e-001,2.8996177e-002,2.0000000e+000
4.1436009e-001,5.7247032e-001,1.0000000e+000
2.2956521e-001,2.9981562e-002,1.0000000e+000
8.1837020e-001,7.1153398e-001,2.0000000e+000
3.6044349e-001,2.1403834e-001,1.0000000e+000
5.0152407e-001,2.5518697e-001,2.0000000e+000
7.4767412e-001,9.5859300e-001,2.0000000e+000
8.3184988e-001,1.8189056e-001,2.0000000e+000
3.9447098e-001,7.9845659e-001,1.0000000e+000
9.6636347e-002,4.0042650e-002,1.0000000e+000
2.6539161e-001,3.0915937e-001,2.0000000e+000
7.9194501e-001,9.6709245e-001,2.0000000e+000
9.3686074e-001,2.6699020e-001,2.0000000e+000
5.6825859e-001,1.2187556e-001,2.0000000e+000
9.3802156e-001,6.0737780e-001,2.0000000e+000
5.9724839e-001,6.4535244e-001,1.0000000e+000
9.8795197e-001,8.7442463e-001,2.0000000e+000
7.6234850e-001,8.9732919e-001,2.0000000e+000
1.8561587e-001,5.3177558e-002,1.0000000e+000
5.1677001e-001,7.5951322e-001,1.0000000e+000
6.4015210e-001,8.5890396e-001,2.0000000e+000
8.6895090e-001,4.8172319e-001,2.0000000e+000
6.0011837e-001,7.5096495e-002,2.0000000e+000
9.9966938e-001,9.0721227e-002,2.0000000e+000
1.2917630e-001,2.0021583e-001,2.0000000e+000
2.9337064e-001,7.7828669e-001,1.0000000e+000
4.7687937e-001,4.0727957e-001,1.0000000e+000
1.2958243e-001,8.2704164e-001,2.0000000e+000
2.2812347e-001,1.4796797e-001,2.0000000e+000
1.8107204e-001,7.3291477e-001,2.0000000e+000
6.7201558e-001,1.4989175e-001,2.0000000e+000
3.2578484e-001,8.3843034e-001,2.0000000e+000
7.9058753e-001,5.4536695e-001,1.0000000e+000
5.4601391e-001,9.6116814e-001,2.0000000e+000
2.3055656e-001,7.5495262e-002,1.0000000e+000
6.8676247e-001,9.3383339e-001,2.0000000e+000
4.9082601e-002,3.5942408e-001,2.0000000e+000
5.7259854e-001,6.6930396e-002,2.0000000e+000
9.9376232e-001,9.6593350e-001,2.0000000e+000
3.6296903e-001,6.4945291e-001,1.0000000e+000
5.5872066e-001,4.2061682e-001,1.0000000e+000
9.2728035e-001,5.9644073e-001,2.0000000e+000
2.5987650e-001,3.4708844e-001,2.0000000e+000
8.3247503e-001,2.1762662e-001,2.0000000e+000
1.7512590e-001,3.7841297e-002,1.0000000e+000
8.7984219e-001,1.5342543e-001,2.0000000e+000
2.7963276e-001,3.7338224e-001,2.0000000e+000
8.4947600e-001,8.7681502e-001,2.0000000e+000
8.0671602e-001,4.4114831e-001,2.0000000e+000
1.8912515e-001,6.3776980e-001,1.0000000e+000
9.7855896e-001,3.8780668e-001,1.0000000e+000
2.5372766e-001,8.3719603e-001,2.0000000e+000
7.7854613e-001,7.6631727e-001,2.0000000e+000
8.1078454e-001,1.2558427e-001,2.0000000e+000
4.9795295e-001,9.2661139e-002,1.0000000e+000
9.1572315e-001,6.6031828e-001,2.0000000e+000
1.0098354e-001,3.7767038e-001,2.0000000e+000
1.3582459e-001,1.0779235e-001,2.0000000e+000
8.5831680e-001,6.2381096e-001,2.0000000e+000
