99,129,2
261,148,1
58,274,1
219,91,1
143,254,2
58,141,1
306,61,1
305,185,1
180,163,2
136,177,2
250,109,2
208,34,1
185,162,2
125,316,1
84,265,2
145,150,2
213,235,2
80,223,2
92,257,2
213,227,1
247,141,2
178,103,1
297,137,1
42,13,1
22,248,1
262,298,1
250,235,2
124,220,2
201,235,2
215,33,1
166,55,2
75,185,2
231,289,2
70,215,2
319,235,1
39,180,1
268,103,1
281,204,1
311,244,1
171,285,2
283,295,1
106,81,2
140,173,2
186,167,1
79,146,2
151,281,2
285,58,1
75,116,2
70,9,1
38,260,1
5,260,1
155,269,2
59,82,1
24,103,1
131,203,1
148,39,1
219,246,2
154,285,2
132,54,1
40,64,1
186,118,2
90,216,2
319,69,1
54,242,1
63,270,1
255,101,1
141,161,2
85,160,2
317,319,1
320,186,1
310,59,1
298,296,1
177,1,1
46,143,1
304,151,1
106,177,2
9,241,1
106,139,2
44,121,1
33,132,1
16,277,1
224,166,1
298,48,1
225,273,2
83,93,2
251,308,1
132,101,1
83,118,2
287,170,1
294,129,1
184,322,1
53,237,1
286,104,1
56,124,1
296,172,1
11,269,1
221,185,1
277,203,1
155,156,2
106,257,2
82,322,1
129,92,1
251,68,1
222,219,1
279,247,1
187,229,1
14,120,1
184,78,2
284,2,1
263,37,1
243,7,1
225,6,1
78,73,2
187,262,2
243,108,2
194,58,1
110,178,2
201,83,1
164,24,1
67,146,1
3,150,1
144,145,2
93,192,2
99,146,2
309,193,1
137,10,1
95,282,2
296,12,1
50,61,1
124,96,2
297,148,1
46,242,1
53,122,1
125,41,1
155,68,2
246,55,1
87,121,2
51,26,1
136,20,1
250,90,1
95,79,2
162,317,1
7,216,1
184,80,2
77,28,1
307,162,1
125,219,2
82,214,2
255,8,1
42,101,1
259,152,1
125,305,1
181,2,1
56,84,1
83,215,2
268,300,1
290,126,1
80,263,2
49,243,1
141,163,2
226,144,2
105,185,2
14,140,1
239,204,1
240,98,1
19,39,1
155,31,1
265,69,1
37,140,1
104,82,2
307,197,1
40,210,1
1,169,1
244,194,1
154,161,2
274,67,1
224,62,1
186,158,2
94,262,2
230,200,1
284,194,1
4,97,1
139,137,2
58,188,1
201,138,2
2,18,1
15,136,1
235,37,1
29,182,1
243,83,1
186,312,1
306,242,1
141,180,2
39,121,1
76,264,2
64,153,1
37,20,1
189,78,2
55,32,1
69,114,2
41,104,1
158,187,2
96,15,1
33,100,1
49,204,1
72,319,1
270,289,1
221,320,1
135,240,2
109,107,2
119,239,1
85,218,2
130,274,1
224,218,1
300,299,1
116,195,2
262,247,1
69,297,1
306,110,1
268,278,1
245,94,1
279,166,1
218,197,1
68,134,1
112,148,2
52,217,1
109,103,1
77,276,2
273,123,1
108,201,2
93,10,1
43,263,1
17,265,1
293,45,1
24,67,1
123,213,2
235,246,2
215,241,2
101,136,2
47,145,1
260,42,1
281,5,1
301,170,1
39,151,1
218,206,1
181,154,2
121,208,2
97,216,2
176,216,2
1,93,1
98,234,2
287,322,1
181,60,2
129,34,1
291,181,1
219,165,1
34,295,1
270,285,1
151,165,1
27,268,1
148,207,2
314,58,1
124,84,2
266,208,1
181,244,2
221,271,2
133,286,1
170,117,2
195,265,1
42,194,1
173,94,2
19,229,1
122,15,1
229,210,1
4,96,1
275,238,1
184,156,2
80,100,1
100,113,2
27,257,1
267,198,1
56,242,1
286,242,1
247,278,2
216,301,1
142,23,1
16,240,1
242,112,2
308,51,1
217,199,1
234,26,1
206,227,1
285,150,1
48,55,1
153,130,2
4,188,1
107,257,2
317,16,1
198,235,1
193,202,1
157,288,2
271,100,1
80,155,2
144,198,2
271,5,1
160,41,2
295,105,1
84,290,1
106,231,1
7,272,1
187,138,2
46,13,1
112,258,2
98,298,1
64,318,1
89,19,1
75,105,2
191,193,2
248,225,1
237,245,2
189,80,2
245,136,2
174,141,2
286,255,1
157,113,2
13,309,1
62,115,1
28,108,1
311,181,1
296,245,1
283,102,1
306,164,1
59,200,1
204,133,2
188,59,2
31,272,1
8,169,1
25,35,1
176,202,2
102,53,2
93,198,2
284,71,1
197,310,1
190,89,2
120,30,1
232,14,1
166,178,2
225,299,1
311,286,1
54,293,1
60,240,1
78,217,2
104,290,2
95,116,2
246,191,1
293,57,1
155,103,1
44,217,1
138,114,2
208,121,2
234,19,1
27,86,1
320,198,1
178,233,2
150,220,2
137,286,2
228,111,2
43,34,1
48,179,1
247,146,2
182,273,2
167,146,2
184,194,2
172,184,2
20,128,1
160,232,1
254,319,1
167,26,1
78,306,1
165,7,1
311,219,1
65,31,1
302,172,1
211,126,2
193,252,1
201,106,2
43,209,1
143,116,2
189,271,2
214,67,1
173,22,1
288,69,1
69,128,2
183,87,2
244,319,1
125,158,2
315,287,1
134,113,2
106,40,2
113,8,1
157,162,2
188,236,2
270,309,1
17,137,1
96,316,1
284,181,1
318,45,1
252,54,1
61,194,1
318,117,1
89,26,1
9,140,1
18,72,1
299,296,1
282,275,1
104,201,2
29,183,1
256,254,2
45,61,1
239,23,1
188,49,2
16,197,1
156,224,2
59,246,1
228,126,2
322,25,1
253,320,1
39,78,1
95,35,1
163,63,2
87,26,1
88,125,2
37,172,1
32,206,1
150,79,2
274,285,1
104,311,1
105,265,2
86,73,2
234,72,1
139,261,2
293,231,1
310,229,1
5,108,1
263,150,1
64,81,1
58,46,1
216,252,2
299,141,1
315,190,1
79,7,1
93,35,1
189,54,2
323,63,1
23,15,1
161,304,1
322,174,1
251,161,2
215,69,1
185,10,1
74,245,1
189,252,2
235,56,1
312,273,1
56,235,1
7,145,1
53,322,1
130,321,1
91,95,2
47,152,1
212,89,1
309,304,1
269,159,1
289,319,1
9,320,1
6,147,1
299,193,1
40,73,1
285,233,1
83,32,1
191,175,2
182,119,2
300,77,1
39,87,1
302,307,1
232,236,2
104,1,1
79,290,1
187,88,2
305,208,1
203,49,1
199,299,1
174,54,2
144,279,2
155,272,2
88,280,2
129,111,1
173,82,2
208,58,1
277,61,1
320,199,1
309,251,1
232,106,2
183,20,1
122,11,1
280,57,1
4,31,1
112,7,1
211,82,1
29,127,1
51,29,1
113,1,1
27,238,1
117,321,1
112,26,1
30,311,1
287,16,1
44,187,1
152,41,2
5,19,1
207,300,1
289,295,1
32,159,1
214,1,1
102,6,1
309,129,1
253,72,1
225,50,1
87,104,1
22,102,1
274,13,1
207,175,1
52,195,1
198,148,2
74,72,2
252,53,1
259,256,1
258,74,1
258,165,1
117,173,2
184,314,1
102,268,2
211,41,1
31,244,1
299,189,1
253,95,1
120,12,1
88,12,1
41,47,1
70,230,1
115,258,2
256,34,1
153,270,2
20,132,1
129,124,1
158,239,2
252,3,1
148,177,2
156,77,2
128,182,1
15,276,1
34,182,1
60,237,1
139,168,1
310,260,1
79,52,2
9,286,1
150,98,2
226,260,2
175,37,1
176,114,2
201,231,1
256,179,1
120,277,2
275,170,1
268,159,1
142,56,2
3,16,1
130,169,1
246,235,2
108,225,2
37,136,1
72,43,2
289,304,1
219,302,1
313,6,1
215,102,1
151,85,2
297,216,1
90,31,1
18,191,1
136,2,1
316,61,1
255,284,2
298,256,1
241,198,1
97,58,2
145,73,2
141,44,2
70,212,2
18,239,1
108,27,1
188,113,2
287,94,1
313,161,1
280,167,1
114,204,2
30,136,1
319,156,1
77,267,2
22,307,1
246,177,1
91,100,1
39,21,1
316,175,1
168,86,2
252,22,1
93,30,1
321,7,1
126,261,2
283,64,1
132,220,1
84,282,2
214,288,2
136,245,2
44,286,1
174,216,2
109,117,2
14,144,1
136,215,2
190,166,1
138,205,2
88,160,2
117,180,2
283,224,1
247,270,2
181,295,1
320,221,1
31,162,1
183,95,2
49,135,1
213,154,2
313,308,1
323,273,1
64,50,1
125,174,2
170,27,1
76,76,2
48,106,1
111,267,2
157,74,2
194,309,1
206,212,1
127,167,1
237,54,1
82,230,1
104,96,2
178,304,1
205,221,1
140,190,2
56,5,1
176,232,1
234,249,2
237,136,2
22,57,1
293,180,1
278,210,1
40,283,1
71,137,2
113,168,1
315,194,1
81,271,2
106,128,2
287,116,1
267,43,1
135,177,2
275,230,1
253,5,1
199,194,1
317,65,1
96,245,2
73,139,2
175,296,1
167,305,1
307,264,1
262,313,1
96,255,2
109,274,2
56,246,1
304,109,1
214,200,1
182,13,1
125,22,1
264,266,1
74,293,1
175,312,1
220,86,1
160,57,2
74,227,2
216,176,1
202,250,2
185,303,1
56,61,1
251,257,2
322,190,1
268,139,1
149,130,2
226,110,2
179,135,2
249,107,2
129,256,1
77,57,2
300,205,1
17,190,1
253,223,1
151,220,2
224,133,2
307,175,1
127,22,1
253,89,1
212,28,1
89,122,2
187,320,1
212,105,2
48,219,1
30,242,1
186,33,1
2,163,1
193,295,1
245,122,2
12,59,1
273,23,1
250,6,1
188,238,2
265,33,1
257,255,1
309,144,1
247,71,1
203,127,2
271,230,1
176,241,2
145,296,1
206,257,2
294,56,1
301,187,1
175,181,2
42,302,1
63,127,1
130,204,1
131,183,1
212,2,1
198,189,1
35,210,1
85,242,2
268,229,1
17,199,1
190,199,2
236,203,1
203,211,1
146,266,2
86,225,2
257,217,1
225,31,1
298,165,1
254,23,1
63,151,1
22,148,1
211,54,1
232,195,1
109,294,1
212,76,1
50,99,1
50,69,1
14,237,1
31,110,1
158,140,2
49,307,1
155,143,2
162,123,2
239,65,1
58,97,1
134,171,1
201,49,1
22,47,1
10,61,1
147,190,2
226,60,1
31,280,1
92,319,1
314,182,1
291,184,1
115,152,2
251,130,2
277,173,1
133,97,1
298,92,1
16,67,1
136,34,1
40,30,1
315,319,1
215,37,1
150,44,2
188,84,2
97,306,1
132,296,1
66,209,1
58,124,1
20,96,1
74,281,1
224,109,2
126,296,1
191,242,2
43,104,1
137,77,2
113,18,1
268,281,1
16,137,1
173,68,2
45,187,1
165,3,1
117,240,2
313,318,1
220,98,1
139,254,2
303,165,1
73,78,2
133,113,2
25,153,1
288,105,1
193,148,1
82,189,2
47,294,1
142,197,2
282,56,1
75,118,2
175,39,1
245,7,1
98,35,1
210,208,1
217,274,2
77,22,1
40,2,1
151,134,2
20,235,1
52,263,1
171,143,2
277,294,1
315,10,1
190,192,2
212,80,1
304,276,1
145,182,2
98,151,2
178,56,2
205,232,1
275,262,1
30,95,1
230,78,1
45,275,1
289,66,1
216,35,1
284,39,1
26,25,1
318,293,1
159,202,2
308,243,1
248,232,1
18,262,1
310,77,1
37,40,1
181,184,2
71,124,2
169,319,1
28,114,1
49,47,1
318,217,1
120,50,2
58,238,1
246,273,2
103,216,2
291,32,1
312,272,1
14,137,1
201,193,1
183,184,2
119,92,2
204,156,2
9,79,1
161,206,2
305,45,1
26,319,1
134,152,2
111,27,1
197,173,1
66,318,1
70,209,2
139,54,2
235,111,2
32,248,1
168,76,2
82,133,2
178,295,1
148,55,2
267,61,1
75,79,2
157,59,2
237,280,2
181,194,2
69,112,2
96,133,2
159,31,1
186,130,2
316,116,1
55,6,1
138,119,2
322,54,1
11,158,1
215,4,1
293,167,1
174,188,2
93,260,2
64,155,1
116,163,2
236,192,1
30,114,1
170,165,1
298,203,1
80,251,2
23,240,1
184,187,2
70,292,1
138,31,1
245,60,1
70,282,1
298,284,1
75,167,1
241,137,2
174,16,1
82,226,2
86,103,1
48,139,1
99,169,2
303,125,1
222,257,2
157,140,2
223,24,1
55,297,1
159,216,2
41,320,1
258,3,1
263,16,1
53,123,1
276,96,1
134,84,2
69,305,1
73,135,2
195,193,1
157,88,2
289,181,1
8,180,1
103,310,1
39,232,1
19,81,1
35,178,1
302,119,1
285,29,1
7,31,1
169,79,2
46,228,1
67,150,1
315,99,1
121,91,2
246,81,1
303,58,1
81,43,2
318,309,1
214,17,1
268,58,1
140,18,1
191,181,2
50,119,1
176,192,2
82,180,2
3,97,1
41,323,1
42,168,1
177,149,2
119,206,2
5,288,1
119,298,1
28,65,1
254,204,1
100,237,2
88,220,2
83,110,2
6,194,1
99,92,2
105,253,2
24,208,1
203,60,1
186,87,2
79,97,2
147,122,2
289,29,1
136,249,2
137,266,2
133,258,2
57,284,1
10,200,1
281,261,1
215,159,2
231,29,1
157,31,1
20,73,1
17,227,1
278,40,1
300,148,1
224,148,2
226,189,1
245,243,2
311,121,1
6,80,1
231,227,1
191,153,2
195,4,1
254,283,2
21,307,1
132,230,1
197,20,1
317,316,1
197,268,2
121,262,2
244,89,1
127,76,2
254,256,2
197,58,1
8,310,1
9,252,1
1,165,1
280,202,1
249,312,1
42,95,1
284,40,1
10,141,1
263,216,1
93,272,2
72,116,2
133,210,2
320,241,1
268,97,1
188,222,2
72,252,2
185,28,1
56,266,1
208,315,1
91,10,1
191,321,1
323,274,1
271,203,1
289,175,1
146,79,2
169,75,2
245,179,1
75,189,2
278,254,1
231,91,1
272,216,1
5,45,1
101,145,2
146,68,2
4,191,1
93,181,2
292,151,1
195,38,1
162,277,2
66,267,1
253,67,1
128,39,1
166,54,2
32,261,1
149,310,1
293,292,1
6,217,1
66,214,1
237,62,1
189,190,2
151,275,2
135,61,2
19,70,1
162,253,2
194,82,1
249,131,2
225,190,1
231,312,1
272,237,1
297,111,1
146,286,2
316,128,1
78,51,2
316,303,1
94,63,2
192,295,1
9,83,1
184,320,1
137,95,2
176,42,2
298,10,1
107,76,2
22,28,1
264,41,1
115,320,1
237,76,1
57,133,1
305,173,1
137,32,1
161,197,2
246,141,2
270,43,1
238,128,2
198,59,1
33,142,1
255,186,1
179,251,2
22,269,1
229,23,1
73,260,2
136,246,2
49,283,1
58,322,1
307,39,1
173,144,2
103,305,1
90,128,2
258,282,1
1,73,1
167,315,1
44,311,1
127,113,2
139,31,1
242,159,2
214,137,2
222,311,1
163,321,1
303,114,1
264,227,1
255,91,1
217,42,1
161,167,1
101,80,2
209,239,2
81,11,1
124,307,1
307,267,1
228,217,1
288,148,1
312,271,1
8,112,1
284,310,1
38,309,1
265,35,1
37,296,1
252,64,1
187,76,2
86,154,2
198,149,2
90,239,2
106,127,2
212,176,1
151,173,2
224,136,2
242,306,1
64,72,1
112,250,2
64,201,1
285,190,1
81,130,2
43,2,1
174,311,1
166,266,2
88,221,2
98,216,2
232,144,2
187,159,2
281,293,1
36,299,1
15,151,1
222,128,2
293,62,1
38,209,1
122,272,2
120,14,1
123,27,1
284,170,1
94,105,2
31,198,1
281,41,1
269,272,1
235,186,1
311,3,1
94,156,2
68,273,1
24,192,1
319,287,1
128,280,1
228,16,1
167,18,1
127,73,2
59,47,1
288,134,1
82,112,2
41,178,1
53,296,1
297,266,1
223,54,1
68,120,1
19,288,1
309,187,1
78,258,2
41,103,1
84,6,1
71,12,1
127,77,2
305,84,1
148,188,2
162,32,1
175,172,2
213,10,1
213,103,1
125,315,1
85,70,2
115,28,1
60,50,1
311,322,1
311,48,1
310,124,1
15,175,1
122,78,2
157,302,1
284,85,1
191,199,2
295,279,1
6,85,1
62,303,1
100,289,2
144,234,2
217,45,1
90,267,2
172,166,1
199,112,2
225,256,2
299,211,1
301,35,1
86,173,2
45,89,1
137,45,2
249,134,2
249,243,2
35,238,1
218,270,2
55,46,1
9,12,1
298,200,1
35,143,1
205,40,1
35,260,1
283,33,1
97,90,2
27,152,1
173,117,2
260,28,1
209,136,2
114,236,1
274,112,1
317,77,1
240,203,1
23,237,1
198,142,2
297,256,1
212,322,1
219,26,1
151,133,2
208,205,1
68,234,1
16,29,1
218,54,1
223,68,1
86,59,2
17,64,1
167,119,2
197,44,1
203,235,2
176,21,1
147,281,2
16,77,1
64,268,1
238,252,2
183,58,2
166,296,1
306,180,1
118,257,2
309,179,1
178,302,1
133,16,1
308,145,1
123,26,1
61,42,1
100,217,2
313,2,1
214,158,2
279,245,1
60,117,1
92,75,2
246,123,2
195,323,1
218,220,1
24,98,1
234,265,2
70,158,2
12,78,1
10,142,1
198,100,1
79,249,2
76,223,2
134,226,1
203,84,1
127,61,2
61,294,1
216,278,2
256,202,1
278,140,1
268,87,1
107,94,2
174,106,2
255,251,2
223,276,2
289,52,1
194,209,1
259,186,1
29,134,1
318,56,1
115,129,2
181,111,2
274,271,1
307,212,1
26,301,1
307,238,1
309,300,1
73,48,2
240,141,2
77,281,2
133,110,1
58,307,1
116,139,2
28,260,1
99,215,2
157,282,2
179,11,1
12,184,1
11,261,1
288,210,1
123,322,1
190,257,2
248,66,1
6,180,1
97,61,2
23,306,1
211,259,2
121,23,1
52,173,1
197,224,1
213,150,2
18,179,1
207,85,1
207,154,2
258,270,1
110,240,2
188,90,2
249,293,1
53,98,1
23,200,1
137,291,2
179,79,2
178,225,2
79,239,1
114,10,1
47,278,1
226,45,1
303,191,1
112,151,2
125,29,1
260,30,1
241,156,2
13,27,1
192,15,1
277,296,1
193,251,1
289,3,1
312,256,1
286,201,1
309,227,1
129,121,1
304,124,1
171,214,2
297,151,1
27,274,1
183,29,1
77,315,1
85,197,2
312,294,1
136,284,2
49,321,1
252,257,2
103,307,1
164,223,2
53,134,1
314,263,1
207,214,1
196,299,1
174,208,2
252,110,2
273,303,1
72,204,2
136,255,2
272,20,1
274,60,1
144,115,2
26,287,1
88,128,2
284,182,1
245,323,1
95,171,2
8,199,1
183,129,2
187,277,2
18,235,1
220,264,2
255,279,2
124,268,2
162,71,2
246,18,1
43,115,1
305,18,1
16,183,1
322,237,1
10,81,1
61,184,1
78,134,2
209,253,2
246,254,2
206,195,1
112,229,1
32,217,1
168,224,2
15,174,1
267,180,1
141,204,2
56,92,1
271,307,1
11,163,1
182,238,2
231,3,1
284,171,1
294,69,1
75,205,2
151,267,2
206,289,2
168,251,2
125,99,1
67,256,1
209,169,1
281,312,1
116,217,2
48,233,1
283,322,1
212,20,1
188,68,2
86,108,2
91,220,2
117,269,2
277,94,1
213,90,1
242,37,1
310,146,1
100,20,1
51,144,1
191,221,2
309,17,1
117,286,2
219,182,1
156,18,1
31,194,1
155,306,1
310,224,1
53,11,1
195,89,1
20,208,1
146,65,2
55,269,1
64,240,1
15,243,1
117,301,1
23,92,1
11,236,1
17,103,1
69,32,1
86,183,2
3,34,1
105,205,2
109,185,2
298,49,1
291,211,1
269,189,1
164,164,2
235,278,2
272,134,1
112,84,2
160,197,2
175,84,2
55,187,1
136,308,1
133,105,1
49,234,1
313,114,1
134,164,1
134,258,2
43,155,1
181,31,1
209,304,1
121,243,2
153,266,2
219,264,2
176,236,2
128,63,1
206,71,1
64,56,1
112,86,2
215,49,1
233,85,1
56,169,1
46,317,1
30,317,1
280,102,1
163,253,2
205,131,2
49,4,1
43,182,1
239,202,1
84,27,1
211,208,1
292,93,1
174,252,2
262,92,1
65,174,1
267,178,1
312,153,1
242,102,1
148,277,2
190,68,2
184,115,2
155,206,2
106,186,2
47,304,1
185,62,2
70,120,2
146,195,2
78,145,2
233,223,1
267,114,1
206,246,2
106,3,1
22,254,1
252,109,2
315,76,1
180,270,2
59,166,1
16,71,1
226,108,2
58,87,1
250,283,2
195,183,1
230,283,2
88,79,2
162,29,1
33,250,1
67,283,1
144,5,1
309,212,1
226,266,2
131,293,1
10,72,1
9,3,1
97,98,2
130,195,1
26,320,1
198,187,1
290,160,1
278,81,1
178,81,2
52,96,1
306,252,1
185,148,2
50,202,1
162,208,2
294,82,1
99,90,2
182,118,2
183,75,2
175,145,2
15,85,1
140,153,2
135,149,2
245,8,1
37,139,1
6,224,1
234,255,2
4,84,1
118,202,2
94,315,1
305,60,1
282,28,1
129,142,1
130,187,1
154,302,1
185,23,1
296,108,1
188,243,2
250,261,2
124,218,2
76,174,2
128,239,1
287,247,1
303,227,1
168,248,2
215,289,2
195,64,1
209,270,2
295,162,1
303,273,1
318,15,1
99,130,2
189,138,2
288,40,1
214,267,2
186,201,2
50,111,1
219,206,1
53,128,1
19,225,1
305,225,1
183,44,2
109,265,2
101,272,2
292,259,1
69,51,2
14,39,1
248,111,2
238,16,1
50,295,1
19,75,1
106,263,2
4,85,1
161,119,2
222,323,1
132,241,1
279,178,1
173,223,2
163,88,2
313,165,1
215,155,2
154,4,1
306,190,1
176,40,2
313,260,1
140,236,2
170,251,2
189,132,2
242,66,1
132,282,1
216,311,1
276,134,1
305,40,1
247,209,1
239,305,1
248,23,1
223,265,2
61,228,1
313,112,1
179,208,2
50,102,1
248,128,2
30,294,1
263,125,1
148,317,1
131,264,1
123,97,2
5,285,1
207,266,2
270,171,1
9,171,1
179,90,2
296,98,1
301,250,1
322,221,1
316,216,1
187,217,2
229,229,1
217,61,1
11,113,1
196,163,1
147,251,2
58,166,1
253,191,1
202,13,1
20,54,1
319,270,1
172,183,2
92,8,1
90,245,2
114,36,1
46,157,1
294,211,1
16,283,1
82,46,2
201,142,2
225,317,1
39,149,1
233,162,2
276,93,1
3,162,1
136,322,1
72,250,2
241,41,1
232,271,2
207,317,1
5,145,1
177,92,2
165,277,2
46,180,1
178,289,2
59,59,1
183,155,2
193,234,1
68,167,1
262,243,1
104,271,2
23,295,1
55,228,1
217,290,2
264,261,1
132,118,1
65,232,1
17,100,1
66,219,1
237,262,2
249,200,1
142,201,2
32,122,1
2,37,1
80,120,2
28,174,1
15,35,1
150,200,2
299,83,1
184,289,2
195,291,1
27,13,1
175,165,1
58,105,1
20,196,1
201,16,1
65,143,1
134,173,1
233,255,2
36,260,1
137,83,2
13,83,1
21,178,1
221,11,1
264,142,1
188,300,1
63,318,1
52,83,1
88,150,2
113,243,2
318,156,1
282,173,1
289,312,1
56,73,1
182,222,2
174,255,2
124,239,1
214,297,1
122,146,2
317,304,1
27,181,1
216,110,2
315,50,1
135,232,1
158,243,2
78,15,1
74,202,2
257,203,1
265,238,1
128,107,1
260,81,1
121,110,2
112,43,2
238,24,1
112,207,2
18,234,1
12,261,1
45,88,1
116,287,2
158,163,2
78,157,2
46,232,1
16,296,1
218,311,1
70,219,2
180,73,2
176,198,2
207,6,1
34,20,1
239,122,2
170,28,1
10,109,1
47,58,1
253,279,2
79,182,2
99,73,2
83,152,2
94,257,2
42,11,1
291,23,1
277,285,1
305,230,1
217,147,2
100,300,1
92,43,2
158,309,1
248,3,1
58,64,1
111,306,1
259,316,1
93,90,2
123,56,2
124,32,1
119,202,2
107,143,2
140,58,2
146,61,2
60,142,1
139,152,2
79,205,2
297,3,1
168,225,2
77,206,2
6,113,1
254,159,2
190,194,2
129,240,1
295,17,1
23,87,1
244,316,1
231,317,1
311,71,1
264,204,1
120,111,2
108,83,2
52,145,1
82,196,2
69,283,1
39,38,1
195,295,1
80,322,1
22,257,1
292,17,1
170,49,2
149,58,2
145,116,2
183,50,2
39,145,1
129,150,1
226,140,2
104,244,2
186,198,2
18,142,1
169,65,2
18,181,1
80,306,1
235,241,2
308,178,1
117,288,1
108,59,2
167,274,2
20,173,1
251,49,1
59,112,1
104,35,1
27,166,1
162,195,2
11,19,1
97,55,2
283,124,1
124,20,1
2,266,1
44,172,1
313,44,1
315,174,1
176,89,2
252,320,1
166,109,2
252,290,2
18,123,1
12,161,1
100,295,1
214,260,2
63,68,1
298,269,1
129,49,1
195,145,1
147,87,2
97,225,2
141,217,2
241,274,2
71,319,1
8,40,1
190,145,2
80,135,2
239,92,1
228,267,2
152,246,2
164,279,2
66,89,1
147,6,1
255,107,1
65,79,1
79,16,1
197,11,1
26,234,1
128,151,1
279,253,1
244,284,2
310,175,1
7,257,1
105,206,2
255,203,1
81,113,2
273,159,1
148,290,2
233,122,2
57,51,1
252,251,2
148,78,2
200,216,1
262,39,1
306,171,1
236,90,1
273,293,1
217,237,2
20,180,1
234,290,2
33,114,1
210,287,2
151,44,2
155,212,2
115,211,2
137,173,2
101,222,2
75,206,2
271,204,1
151,201,2
18,243,1
242,266,2
232,275,2
172,272,2
296,292,1
142,196,2
81,309,1
208,154,2
282,191,1
291,100,1
142,215,2
8,157,1
162,225,2
179,24,1
236,259,2
87,273,2
104,69,2
278,141,1
208,281,2
24,134,1
70,274,1
235,226,1
285,131,1
95,251,2
272,177,1
1,92,1
142,314,1
150,166,1
19,113,1
289,212,1
89,187,2
156,145,2
94,186,2
90,323,1
216,63,1
68,165,1
155,228,2
256,81,1
323,105,1
52,189,1
99,286,2
2,21,1
316,127,1
299,232,1
81,323,1
26,141,1
64,133,1
298,252,1
136,277,2
4,260,1
127,274,1
78,76,2
315,119,1
185,233,1
292,253,1
307,98,1
202,120,2
210,32,1
300,9,1
174,162,2
109,120,2
245,108,2
284,248,1
87,318,1
159,193,2
44,49,1
321,223,1
163,167,1
240,107,2
253,304,1
107,13,1
114,48,2
60,112,1
226,275,2
86,6,1
211,201,1
147,286,2
190,195,2
214,247,2
76,246,2
251,99,1
162,247,2
150,161,2
186,203,2
310,156,1
54,251,1
82,22,1
3,42,1
288,66,1
242,172,1
284,317,1
220,237,2
232,314,1
252,134,2
240,9,1
125,194,2
85,184,2
74,238,1
108,265,2
1,57,1
289,131,1
172,59,2
236,31,1
253,85,1
10,246,1
318,75,1
221,115,2
76,50,2
9,165,1
227,214,1
85,106,2
320,8,1
109,84,2
192,190,2
45,245,1
233,67,1
60,287,1
220,88,1
94,284,2
233,235,2
81,164,2
57,247,1
149,246,2
60,72,1
39,49,1
40,192,1
313,316,1
126,233,1
53,245,1
67,307,1
139,8,1
74,170,2
289,288,1
265,102,1
32,158,1
195,232,1
115,186,2
91,135,2
165,64,2
308,291,1
130,53,1
235,314,1
226,81,1
120,51,2
276,177,1
70,207,2
308,80,1
117,21,1
134,130,2
251,53,1
98,164,2
177,65,2
81,129,2
50,297,1
155,145,2
19,67,1
306,111,1
172,164,2
144,210,2
208,213,1
84,202,2
32,277,1
201,185,1
172,320,1
159,68,2
181,299,1
151,66,2
216,40,1
68,48,1
129,253,1
196,286,1
169,11,1
39,132,1
39,176,1
27,250,1
176,133,2
315,192,1
191,247,2
202,210,1
36,16,1
235,158,2
147,235,2
296,4,1
4,310,1
20,56,1
314,169,1
191,155,2
205,161,2
164,238,2
78,186,2
39,81,1
22,177,1
173,114,2
264,46,1
189,46,2
138,322,1
319,123,1
89,166,1
109,280,2
299,229,1
143,316,1
250,37,1
316,160,1
85,90,2
202,267,2
179,287,2
73,120,2
283,24,1
313,5,1
66,71,1
224,225,1
243,48,1
32,51,1
7,232,1
260,126,1
136,281,2
102,47,2
214,316,1
225,302,1
180,96,2
168,115,2
308,267,1
10,233,1
261,13,1
132,27,1
202,93,1
256,321,1
22,276,1
32,109,1
58,204,1
112,33,1
230,120,2
49,256,1
53,59,1
184,125,2
194,321,1
201,189,1
200,12,1
155,175,2
124,205,2
164,74,2
312,318,1
286,41,1
30,216,1
1,23,1
174,22,1
209,39,1
182,256,2
219,64,1
39,5,1
3,99,1
227,89,1
291,255,1
190,233,1
142,15,1
238,276,2
90,132,2
164,92,2
305,172,1
164,66,2
70,102,1
233,318,1
163,20,1
192,30,1
204,319,1
172,216,2
77,318,1
157,279,2
111,214,2
227,192,1
134,19,1
165,31,1
48,164,1
52,121,1
89,92,2
232,299,1
158,235,2
105,161,2
185,196,2
81,56,2
188,155,2
5,282,1
182,114,2
172,174,2
302,41,1
192,73,2
229,272,2
98,51,2
123,166,1
129,229,1
181,150,2
28,130,1
116,141,2
39,136,1
154,238,2
78,237,1
151,205,2
312,206,1
152,160,2
41,168,1
316,82,1
240,290,2
307,285,1
201,143,2
5,154,1
246,147,2
51,280,1
39,306,1
318,168,1
287,131,1
305,257,1
157,19,1
283,59,1
291,209,1
67,75,1
108,109,2
217,271,2
303,3,1
89,1,1
120,71,2
306,56,1
158,71,2
240,299,1
76,12,1
258,188,1
246,296,1
93,106,2
163,86,2
232,43,1
125,181,2
237,36,1
189,27,1
289,16,1
73,173,2
221,4,1
96,53,2
159,254,2
72,309,1
300,8,1
167,268,2
260,294,1
309,49,1
216,266,2
25,211,1
125,209,2
3,69,1
116,102,1
308,88,1
25,13,1
128,40,1
262,67,1
50,116,1
238,32,1
213,1,1
173,269,2
47,318,1
111,93,2
287,293,1
90,217,2
227,245,2
186,208,2
211,314,1
272,190,1
181,288,2
165,148,2
267,217,1
47,256,1
196,290,1
88,259,2
272,68,1
33,23,1
148,128,2
251,151,2
206,102,1
12,210,1
277,260,1
141,88,2
242,204,1
222,318,1
284,218,1
145,201,2
282,139,1
320,249,1
48,33,1
37,52,1
228,175,1
157,319,1
6,235,1
47,32,1
113,260,2
317,177,1
122,204,2
54,203,1
217,128,2
100,56,2
191,140,2
218,280,2
210,184,1
249,292,2
120,67,2
173,162,2
181,139,2
157,274,2
73,313,1
254,288,2
63,304,1
142,155,2
71,191,2
82,100,1
121,212,2
188,242,2
2,107,1
276,239,1
1,100,1
66,24,1
79,236,1
309,131,1
136,75,2
224,135,2
48,154,1
221,237,2
261,153,1
307,31,1
257,139,1
244,312,1
79,93,2
303,18,1
222,272,2
239,177,1
287,79,1
303,94,1
97,36,1
4,168,1
39,299,1
95,308,1
35,263,1
142,137,2
287,228,1
172,178,2
284,179,1
247,144,2
311,189,1
170,155,2
30,133,1
264,226,1
4,158,1
170,169,2
22,37,1
298,197,1
174,28,1
169,41,2
198,74,1
238,274,2
153,287,2
41,222,1
278,199,1
131,89,1
143,318,1
210,175,1
242,186,1
226,282,2
64,237,1
236,179,1
91,217,2
113,113,2
265,313,1
255,131,2
301,31,1
39,101,1
20,139,1
17,115,1
174,232,1
60,113,1
128,213,1
195,94,1
41,43,1
260,313,1
297,274,1
126,64,2
185,197,2
304,178,1
125,286,1
230,300,1
115,132,2
88,270,2
63,123,1
190,52,2
145,111,2
232,188,1
246,17,1
282,221,1
282,46,1
165,263,2
279,106,1
165,78,2
106,1,1
29,102,1
268,246,1
208,125,2
12,52,1
40,229,1
41,88,1
195,69,1
309,309,1
204,60,1
17,22,1
194,291,1
163,11,1
81,98,2
67,82,1
210,62,1
64,239,1
5,315,1
37,160,1
26,191,1
269,256,1
42,298,1
33,16,1
43,163,1
151,47,2
119,286,1
318,112,1
19,317,1
197,155,2
41,277,1
8,132,1
79,72,2
296,255,1
137,50,2
164,72,2
98,147,2
44,136,1
219,258,2
276,314,1
239,310,1
249,158,2
156,99,2
82,235,1
226,262,2
82,52,2
143,315,1
100,239,2
71,41,1
276,109,1
65,95,1
35,268,1
75,214,2
26,93,1
220,320,1
317,245,1
2,158,1
142,129,2
189,114,2
288,284,1
116,289,1
187,152,2
160,179,2
312,68,1
246,122,2
316,137,1
273,279,1
10,253,1
180,178,2
302,280,1
261,322,1
53,61,1
320,243,1
126,121,2
245,40,1
251,52,1
223,262,2
227,119,2
2,322,1
134,121,2
184,108,2
20,199,1
277,1,1
126,26,1
217,130,2
220,272,2
145,156,2
3,95,1
199,260,2
48,272,1
266,6,1
130,240,1
142,213,2
109,246,2
323,230,1
88,50,2
90,16,1
256,56,1
128,249,1
258,179,1
278,301,1
41,206,1
212,29,1
288,76,1
53,96,1
290,98,1
24,41,1
127,42,1
317,20,1
187,27,1
298,3,1
185,209,2
5,20,1
195,211,1
68,321,1
188,149,2
216,157,2
241,143,2
134,14,1
283,312,1
91,250,2
186,8,1
61,130,1
135,171,1
142,60,2
104,171,2
104,158,2
289,96,1
123,145,2
291,52,1
37,232,1
323,213,1
21,153,1
157,269,2
173,175,2
217,101,1
41,45,1
195,257,1
44,166,1
182,269,2
237,35,1
15,309,1
232,95,1
223,135,2
278,158,1
162,94,2
281,149,1
72,284,1
43,252,1
215,290,2
159,217,2
238,91,1
160,48,2
175,144,2
140,21,1
198,87,1
270,187,1
209,183,1
104,104,1
155,261,2
26,92,1
10,25,1
136,24,1
231,142,2
33,312,1
108,155,2
60,322,1
110,198,2
272,173,1
2,301,1
8,243,1
7,17,1
128,19,1
249,190,1
95,72,2
154,120,2
279,31,1
266,55,1
192,223,1
117,200,2
190,90,2
49,149,1
75,270,2
250,53,1
278,178,1
145,76,2
214,302,1
288,6,1
7,265,1
82,151,2
143,168,1
298,300,1
267,54,1
1,68,1
90,244,2
114,312,1
295,135,1
281,205,1
264,143,1
225,35,1
228,83,1
76,103,1
231,251,2
118,156,2
33,112,1
73,96,2
159,321,1
156,17,1
262,38,1
194,206,1
70,135,2
140,189,2
85,195,2
168,237,2
171,73,2
26,175,1
283,199,1
101,3,1
180,312,1
78,140,2
288,72,1
87,92,2
17,188,1
132,7,1
257,95,1
80,17,1
6,117,1
309,186,1
16,222,1
7,313,1
125,255,2
214,303,1
73,226,2
153,191,2
133,109,1
311,191,1
5,138,1
61,148,1
240,27,1
135,4,1
117,262,2
122,54,2
192,110,1
71,174,2
281,132,1
317,111,1
71,297,1
149,204,2
121,218,2
163,271,2
206,145,2
285,133,1
169,105,2
15,43,1
304,27,1
141,89,2
28,13,1
313,144,1
305,68,1
69,129,2
75,85,2
25,309,1
246,206,1
176,294,1
127,100,1
79,40,2
76,205,2
178,141,2
2,246,1
80,12,1
276,281,1
186,97,2
239,260,2
155,126,2
118,87,2
286,171,1
21,58,1
289,8,1
112,66,2
164,7,1
150,211,2
303,219,1
33,149,1
76,29,1
266,50,1
225,53,1
21,199,1
146,108,2
310,114,1
160,124,2
69,248,1
216,10,1
289,129,1
56,159,1
150,202,2
206,202,1
154,202,2
133,183,2
273,168,1
288,44,1
136,243,2
26,276,1
256,130,2
38,87,1
57,150,1
206,200,1
296,244,1
170,301,1
248,273,2
91,261,2
282,40,1
7,53,1
248,202,1
25,306,1
312,146,1
287,23,1
125,226,1
17,142,1
321,266,1
227,193,1
111,215,2
54,321,1
57,277,1
229,225,1
28,35,1
67,271,1
43,143,1
213,112,2
311,17,1
291,112,1
27,175,1
172,196,2
152,157,2
126,315,1
298,321,1
60,150,1
23,144,1
141,11,1
221,254,2
68,117,1
255,60,1
78,295,1
263,244,1
228,288,2
31,287,1
127,264,2
11,178,1
60,40,1
213,283,2
16,24,1
302,225,1
209,131,2
249,84,1
73,178,2
263,273,1
21,139,1
197,258,2
258,212,1
17,283,1
43,266,1
200,286,2
92,109,2
243,27,1
210,219,1
43,83,1
14,51,1
78,158,2
70,306,1
280,3,1
314,266,1
51,267,1
250,196,1
4,251,1
287,68,1
280,308,1
110,199,2
117,82,2
220,179,1
78,103,1
218,89,1
107,52,2
251,42,1
153,239,2
160,46,2
141,40,2
311,39,1
231,118,2
264,21,1
90,272,2
300,134,1
312,288,1
195,227,1
63,203,1
15,303,1
180,202,2
176,101,1
313,179,1
263,306,1
2,315,1
85,76,2
79,31,1
232,212,1
209,303,1
163,61,2
125,203,2
139,124,2
63,142,1
31,88,1
178,317,1
140,107,2
237,160,2
8,62,1
32,174,1
183,251,2
228,290,2
69,279,1
23,133,1
275,135,1
291,304,1
154,54,2
221,73,1
179,119,2
26,216,1
35,320,1
250,299,1
26,79,1
78,7,1
118,169,2
265,124,1
8,206,1
318,73,1
2,286,1
22,154,1
149,309,1
214,136,2
204,201,1
27,317,1
290,162,1
292,15,1
210,93,1
204,291,2
33,186,1
260,115,1
139,129,2
258,134,1
11,107,1
234,16,1
94,282,2
169,137,2
115,21,1
280,186,1
80,187,2
216,93,1
173,271,2
238,192,1
197,119,2
117,110,2
111,125,2
121,17,1
36,127,1
168,85,2
28,155,1
259,241,1
202,309,1
301,137,1
75,143,2
50,213,1
20,312,1
215,154,2
102,57,2
137,134,2
101,72,2
198,115,2
193,75,1
158,256,2
3,194,1
135,257,2
19,13,1
49,10,1
71,207,2
26,272,1
161,156,2
265,249,1
158,131,2
62,64,1
27,246,1
56,217,1
281,81,1
293,186,1
175,267,2
62,117,1
41,208,1
132,287,1
20,118,1
165,144,2
62,96,1
60,94,1
207,68,1
253,187,1
181,99,2
164,86,2
20,130,1
152,201,2
76,313,1
1,35,1
2,228,1
112,102,1
20,59,1
20,119,1
153,93,2
260,214,1
278,295,1
195,118,1
223,271,2
111,317,1
175,137,2
310,57,1
287,146,1
291,311,1
315,167,1
128,116,1
299,214,1
237,220,1
87,132,2
191,4,1
45,118,1
132,70,1
107,295,1
210,7,1
302,111,1
163,146,2
23,204,1
43,71,1
166,156,2
51,82,1
195,266,1
45,233,1
203,81,1
206,123,2
295,154,1
203,116,2
168,219,2
18,46,1
120,199,2
29,277,1
281,35,1
4,90,1
37,159,1
314,320,1
103,269,2
105,52,2
7,207,1
242,285,2
143,263,2
34,8,1
145,10,1
121,315,1
137,251,2
66,135,1
100,302,1
243,66,1
206,287,2
315,122,1
92,277,2
33,130,1
2,75,1
23,132,1
160,162,2
158,161,2
231,138,2
158,69,2
204,5,1
304,34,1
56,22,1
217,31,1
308,107,1
304,146,1
78,202,2
36,93,1
317,173,1
263,268,1
78,28,1
74,182,2
71,50,2
299,64,1
50,106,1
262,88,1
268,101,1
252,286,2
216,302,1
246,299,1
221,289,2
301,135,1
171,184,2
17,68,1
289,266,1
124,133,2
12,222,1
224,226,1
214,33,1
18,300,1
256,217,1
100,228,2
37,138,1
65,81,1
99,46,2
55,166,1
320,97,1
300,168,1
147,204,2
20,318,1
244,307,1
104,13,1
243,316,1
128,304,1
211,295,1
292,222,1
155,320,1
168,201,2
273,297,1
182,219,2
78,187,2
138,178,2
218,322,1
58,6,1
145,243,2
315,311,1
25,224,1
209,197,1
111,139,2
53,218,1
119,170,2
147,289,2
97,204,2
297,175,1
115,239,2
177,304,1
19,258,1
125,138,2
116,86,2
259,6,1
203,87,1
96,314,1
294,49,1
67,130,1
128,291,1
295,284,1
216,1,1
42,244,1
160,217,2
70,289,1
100,262,2
290,304,1
212,93,1
25,239,1
237,252,2
219,277,2
261,3,1
138,228,1
322,322,1
14,50,1
145,171,2
185,71,2
201,259,2
76,195,2
56,216,1
34,92,1
162,185,2
14,173,1
293,307,1
88,247,2
146,316,1
163,147,2
226,182,1
302,57,1
201,170,1
65,255,1
180,245,2
61,54,1
26,210,1
78,174,2
137,9,1
165,202,2
296,275,1
63,74,1
315,57,1
316,315,1
129,27,1
133,21,1
208,201,1
268,54,1
51,204,1
169,147,2
81,150,2
221,303,1
230,280,2
250,44,1
223,83,1
247,241,2
66,270,1
96,85,2
87,103,1
100,293,1
156,140,2
289,60,1
230,226,1
270,160,1
176,275,2
117,292,1
157,173,2
4,270,1
297,51,1
289,54,1
287,197,1
137,323,1
161,237,2
161,182,2
253,259,2
45,314,1
237,238,2
121,182,2
183,317,1
138,74,2
92,67,2
57,255,1
253,83,1
318,170,1
305,90,1
105,184,2
279,90,1
148,35,1
309,14,1
255,238,2
277,189,1
11,230,1
4,117,1
190,115,2
242,47,1
186,89,2
89,80,2
68,300,1
99,60,2
308,124,1
89,88,2
92,30,1
264,91,1
226,146,2
212,37,1
312,298,1
252,210,1
209,121,2
272,276,1
206,264,2
25,300,1
250,260,2
127,315,1
177,111,2
240,23,1
281,174,1
218,266,2
205,21,1
37,161,1
7,98,1
5,61,1
164,178,2
54,207,1
194,181,1
299,143,1
317,197,1
221,21,1
173,310,1
24,172,1
61,187,1
213,322,1
234,22,1
263,267,1
150,180,2
174,295,1
310,295,1
239,131,2
20,106,1
160,45,2
101,206,2
178,125,2
253,251,2
136,227,1
201,55,1
128,60,1
3,71,1
241,147,2
216,195,1
149,2,1
183,5,1
158,92,2
277,10,1
40,45,1
215,192,1
125,304,1
164,167,1
238,321,1
166,116,2
299,122,1
103,251,2
101,102,1
177,183,2
63,18,1
307,92,1
14,28,1
133,234,1
20,8,1
239,73,1
113,298,1
20,309,1
299,33,1
261,286,1
12,155,1
282,41,1
90,227,2
149,209,2
45,175,1
213,190,1
285,24,1
124,18,1
140,245,2
318,141,1
66,61,1
108,14,1
9,217,1
23,79,1
142,248,2
49,305,1
50,278,1
321,317,1
103,116,2
310,291,1
229,206,1
21,81,1
259,77,1
128,274,1
115,40,2
193,76,1
280,116,1
46,152,1
185,301,1
179,182,2
66,299,1
184,252,2
85,152,2
164,49,2
287,12,1
213,206,1
234,2,1
257,299,1
227,107,2
262,28,1
114,282,2
234,319,1
51,222,1
141,166,1
60,309,1
148,3,1
57,179,1
21,322,1
131,153,1
289,245,1
180,93,2
113,296,1
96,48,2
73,117,2
137,238,2
125,178,2
257,119,1
94,132,2
95,317,1
119,28,1
119,177,2
265,148,1
107,278,2
130,162,1
237,82,1
10,30,1
288,31,1
138,85,2
127,25,1
190,230,1
165,287,2
1,161,1
265,26,1
207,254,2
16,100,1
280,235,1
148,104,1
314,319,1
36,234,1
101,143,2
122,52,2
56,197,1
316,205,1
213,164,2
238,300,1
254,119,2
303,60,1
96,177,2
284,5,1
162,95,2
227,139,2
233,33,1
70,32,1
289,234,1
191,41,1
87,51,2
68,201,1
5,55,1
289,168,1
46,260,1
47,85,1
72,316,1
207,75,1
67,295,1
111,152,2
310,121,1
316,196,1
212,200,1
158,178,2
39,275,1
249,106,2
215,167,1
205,32,1
294,184,1
251,187,1
30,46,1
241,220,1
270,120,1
231,224,1
208,100,1
122,177,2
317,237,1
116,282,2
237,264,2
306,195,1
30,38,1
321,225,1
28,289,1
139,77,2
134,205,2
232,10,1
165,191,2
288,90,1
102,151,2
1,299,1
25,64,1
30,56,1
44,36,1
257,150,1
321,21,1
187,67,2
65,63,1
197,121,2
28,184,1
210,77,1
147,290,2
176,65,2
17,191,1
42,230,1
72,38,1
147,65,2
230,305,1
90,212,2
261,254,1
209,60,1
268,114,1
56,319,1
127,51,2
150,60,2
26,125,1
152,318,1
98,82,2
67,44,1
291,261,1
178,65,2
71,26,1
265,106,1
54,298,1
211,280,2
32,229,1
251,316,1
169,23,1
220,318,1
84,46,2
283,264,1
58,127,1
205,92,1
274,128,1
199,24,1
81,162,2
132,22,1
146,107,2
3,221,1
94,65,2
144,314,1
238,261,2
66,254,1
98,122,2
15,294,1
302,231,1
175,185,2
199,27,1
227,231,1
120,300,1
42,60,1
238,155,2
81,308,1
120,35,1
29,200,1
246,265,2
303,239,1
209,294,1
31,98,1
302,177,1
135,316,1
238,85,1
298,311,1
75,18,1
128,95,1
191,225,1
282,7,1
306,161,1
177,167,1
135,256,2
295,314,1
119,76,2
145,304,1
63,97,1
86,40,2
30,124,1
80,243,2
277,13,1
4,2,1
265,231,1
276,20,1
241,270,2
225,77,1
18,10,1
11,118,1
277,284,1
95,231,1
288,49,1
143,282,2
281,249,1
65,169,1
85,286,2
269,306,1
147,171,2
17,282,1
281,226,1
199,82,1
10,134,1
68,266,1
39,9,1
306,150,1
306,238,1
43,77,1
86,209,2
11,109,1
166,278,2
161,192,2
156,274,2
255,312,1
257,311,1
47,303,1
248,6,1
95,101,1
174,85,2
238,105,2
137,270,2
200,41,1
153,22,1
87,153,2
83,261,2
213,226,1
98,297,1
30,33,1
239,248,2
253,265,2
140,250,2
261,119,1
153,195,2
140,22,1
177,147,2
87,125,2
262,159,1
49,154,1
195,315,1
271,48,1
173,296,1
52,212,1
107,57,2
88,305,1
314,239,1
105,110,2
155,65,2
232,90,1
158,177,2
220,10,1
270,149,1
103,106,2
67,123,1
221,144,2
193,114,1
142,195,2
22,223,1
106,107,2
20,315,1
247,248,2
301,121,1
198,117,2
233,41,1
280,130,1
257,76,1
312,150,1
141,148,2
285,200,1
189,81,2
19,54,1
65,122,1
14,226,1
30,271,1
250,12,1
68,240,1
4,60,1
143,295,1
125,28,1
288,126,1
68,268,1
241,27,1
162,289,2
304,29,1
54,113,1
166,187,2
129,78,1
219,259,2
286,33,1
115,12,1
233,274,2
42,154,1
191,98,1
34,59,1
108,318,1
155,202,2
127,64,2
155,101,1
133,99,1
162,290,2
310,193,1
258,289,1
68,314,1
208,127,2
315,314,1
228,322,1
300,60,1
7,318,1
222,197,1
18,293,1
99,11,1
225,10,1
224,303,1
308,151,1
45,285,1
206,28,1
3,320,1
219,213,1
115,287,2
269,322,1
245,264,2
266,5,1
219,140,2
163,166,1
170,253,2
28,274,1
10,153,1
276,48,1
224,14,1
3,59,1
200,73,1
11,213,1
191,18,1
246,59,1
148,222,2
149,312,1
323,32,1
282,133,1
111,163,2
249,194,1
213,233,2
304,268,1
203,141,2
180,131,2
45,174,1
94,40,2
154,137,2
81,24,1
212,46,1
295,174,1
241,306,1
146,220,2
52,202,1
265,194,1
146,230,1
214,139,2
77,150,2
217,242,2
184,32,1
140,66,2
117,84,2
173,272,2
8,42,1
15,8,1
251,58,1
177,113,2
198,25,1
205,150,2
114,243,2
253,290,2
289,276,1
18,221,1
78,197,2
66,43,1
116,188,2
119,73,2
122,63,2
181,215,2
216,243,2
267,269,1
100,34,1
155,275,2
29,96,1
13,101,1
203,164,1
292,38,1
200,173,1
151,42,2
126,55,2
18,253,1
252,205,1
287,206,1
87,211,2
222,18,1
255,98,1
304,127,1
220,217,1
275,70,1
78,38,1
212,146,2
16,12,1
192,236,1
175,121,2
180,258,2
288,85,1
65,183,1
236,169,1
16,146,1
155,231,1
193,23,1
320,25,1
282,31,1
198,102,1
129,56,1
27,146,1
317,162,1
110,26,1
222,45,1
139,185,2
21,17,1
254,128,2
304,45,1
123,170,2
318,296,1
77,76,2
277,58,1
145,101,1
215,35,1
297,169,1
39,283,1
294,243,1
190,70,2
95,277,2
225,240,2
196,234,1
277,279,1
184,77,2
24,249,1
265,289,1
163,73,2
2,88,1
179,281,2
184,35,1
43,131,1
77,142,2
63,86,1
138,302,1
169,109,2
184,186,2
118,142,2
105,155,2
16,204,1
120,107,2
37,281,1
189,150,2
33,223,1
137,208,2
279,218,1
6,189,1
84,226,2
102,130,2
211,111,2
138,99,1
106,312,1
306,123,1
108,313,1
264,254,1
54,91,1
203,273,2
36,214,1
323,299,1
320,290,1
6,23,1
247,9,1
106,67,2
132,232,1
88,254,2
72,308,1
11,258,1
270,139,1
72,239,1
56,309,1
75,265,2
188,249,2
237,138,2
232,115,2
70,35,1
57,240,1
22,38,1
304,110,1
92,134,2
314,140,1
183,103,1
183,201,2
162,50,2
276,15,1
230,194,1
34,179,1
229,74,1
309,159,1
16,276,1
191,68,2
304,187,1
109,286,2
188,152,2
301,58,1
261,171,1
291,243,1
264,314,1
252,122,2
269,131,1
295,172,1
160,47,2
192,300,1
107,206,2
298,26,1
96,132,2
146,81,2
154,145,2
312,21,1
160,42,2
98,108,2
8,74,1
199,159,2
246,288,2
193,194,1
43,84,1
114,194,2
77,260,2
231,143,2
249,99,1
247,21,1
214,159,2
19,6,1
219,79,1
21,20,1
268,290,1
217,313,1
169,142,2
276,160,1
13,238,1
173,184,2
1,263,1
97,235,2
206,73,1
280,22,1
103,277,2
175,86,2
316,13,1
261,65,1
112,301,1
97,244,2
45,138,1
181,55,2
172,266,2
106,55,2
313,213,1
100,5,1
282,170,1
237,57,1
302,80,1
70,163,1
117,97,2
121,51,2
44,137,1
280,46,1
192,76,2
54,315,1
294,200,1
118,33,1
7,16,1
145,90,2
46,179,1
14,229,1
23,110,1
243,143,2
156,164,2
319,293,1
138,304,1
286,301,1
213,157,2
248,110,2
275,76,1
83,24,1
256,116,2
20,303,1
213,19,1
181,95,2
210,74,1
57,283,1
194,174,1
286,63,1
32,3,1
51,81,1
56,164,1
258,91,1
118,187,2
20,66,1
7,66,1
265,22,1
134,291,1
1,141,1
56,144,1
217,22,1
287,177,1
184,287,2
116,171,2
114,310,1
28,181,1
49,252,1
151,162,2
40,33,1
312,208,1
221,198,1
320,35,1
164,149,2
186,143,2
239,114,2
163,268,2
116,54,2
124,207,2
223,214,1
291,94,1
307,185,1
253,137,2
208,97,1
63,240,1
81,70,2
27,123,1
30,214,1
323,98,1
292,308,1
186,4,1
209,87,1
256,2,1
81,222,2
110,29,1
20,195,1
108,196,2
315,33,1
204,238,2
310,132,1
33,77,1
178,307,1
46,244,1
139,251,2
115,103,1
215,271,2
127,17,1
296,78,1
301,303,1
20,200,1
273,277,1
266,214,1
297,156,1
316,46,1
316,9,1
68,51,1
87,209,2
123,53,2
107,286,2
70,222,2
293,284,1
298,310,1
125,97,2
32,121,1
54,49,1
14,119,1
36,51,1
186,145,2
80,232,1
168,173,2
103,161,2
317,310,1
291,114,1
241,287,2
181,279,2
128,297,1
187,42,2
147,322,1
177,246,2
314,62,1
275,263,1
310,171,1
188,205,2
296,146,1
44,25,1
231,229,1
281,315,1
314,174,1
178,75,2
165,231,1
230,287,2
82,158,2
15,63,1
300,250,1
323,17,1
299,177,1
11,285,1
23,197,1
269,267,1
63,262,1
94,119,2
15,2,1
204,305,1
131,263,1
51,274,1
249,137,2
53,23,1
92,169,2
31,101,1
131,125,1
45,85,1
118,10,1
178,139,2
56,296,1
202,1,1
291,317,1
282,236,1
186,192,2
66,205,1
176,115,2
174,56,2
27,269,1
61,297,1
110,217,2
260,230,1
289,146,1
162,170,2
202,260,2
20,174,1
20,278,1
94,31,1
267,106,1
133,261,2
206,321,1
117,59,2
156,22,1
136,36,1
290,256,1
276,219,1
263,211,1
50,112,1
69,102,1
54,12,1
132,69,1
160,204,2
310,286,1
147,182,2
48,79,1
212,234,2
225,143,2
315,204,1
268,185,1
128,133,1
282,53,1
53,200,1
31,164,1
99,33,1
305,116,1
64,154,1
85,134,2
205,198,1
171,306,1
131,149,1
25,159,1
66,207,1
58,180,1
157,106,2
176,186,2
311,251,1
154,259,2
97,298,1
192,100,1
237,228,1
192,267,2
50,197,1
150,63,2
322,57,1
232,246,2
13,168,1
255,177,1
179,123,2
210,279,2
190,156,2
285,306,1
137,8,1
196,239,1
58,304,1
284,15,1
293,100,1
15,172,1
238,65,1
267,300,1
98,161,2
87,30,1
242,34,1
220,301,1
110,231,1
264,16,1
290,104,1
255,208,1
302,244,1
24,14,1
8,188,1
75,245,2
39,191,1
284,32,1
158,67,2
234,230,1
105,167,1
5,107,1
184,203,2
139,21,1
222,206,1
188,220,2
262,65,1
210,76,1
156,157,2
242,155,2
60,103,1
251,206,1
259,182,1
265,254,1
310,192,1
112,38,1
319,152,1
168,89,2
317,131,1
138,171,2
6,314,1
261,5,1
1,281,1
136,248,2
206,188,1
290,296,1
230,260,2
124,208,2
173,156,2
36,265,1
320,246,1
237,234,2
305,67,1
321,308,1
198,215,1
294,294,1
105,183,2
123,40,1
133,149,2
198,125,2
215,126,2
312,215,1
54,295,1
118,210,2
139,321,1
190,49,2
202,42,1
38,256,1
106,214,2
137,215,2
226,116,2
147,177,2
172,187,2
234,110,2
84,156,2
59,68,1
144,113,2
262,295,1
240,315,1
162,59,2
316,241,1
249,129,2
215,65,1
292,191,1
246,120,2
277,65,1
102,55,2
277,2,1
248,248,2
292,138,1
10,121,1
211,311,1
217,106,2
87,303,1
29,164,1
294,151,1
306,5,1
206,101,1
56,191,1
203,233,1
148,50,2
289,75,1
225,130,2
18,34,1
5,94,1
250,113,2
205,29,1
163,217,2
98,107,2
8,225,1
104,28,1
238,198,1
140,5,1
15,95,1
198,248,2
73,261,2
279,199,1
275,48,1
315,81,1
85,67,2
134,123,2
223,5,1
317,240,1
31,92,1
10,28,1
9,296,1
187,16,1
28,305,1
59,124,1
112,83,2
187,203,2
158,8,1
270,311,1
48,218,1
105,266,2
158,6,1
204,224,1
160,195,2
16,164,1
313,193,1
187,244,2
288,18,1
173,198,2
253,160,2
285,171,1
164,126,2
59,219,1
283,246,1
230,166,1
92,239,2
256,315,1
5,323,1
168,50,2
225,80,1
135,108,2
210,107,2
154,97,2
263,116,1
205,312,1
96,4,1
22,166,1
144,135,2
103,162,2
90,5,1
199,293,1
139,91,2
269,201,1
261,111,1
295,183,1
116,312,1
170,277,2
75,195,2
192,85,2
215,67,1
172,236,2
300,118,1
266,74,1
303,134,1
274,111,1
27,184,1
295,59,1
70,193,2
112,315,1
103,319,1
36,235,1
263,84,1
317,95,1
36,289,1
90,218,2
116,10,1
45,107,1
64,136,1
67,212,1
124,162,2
216,186,1
252,93,1
91,59,2
248,184,1
260,266,1
102,157,2
161,105,2
97,178,2
175,283,2
98,243,2
46,287,1
187,317,1
15,99,1
183,30,1
313,275,1
138,81,2
50,281,1
248,69,1
206,137,2
48,234,1
265,4,1
196,24,1
54,306,1
292,142,1
198,13,1
267,191,1
117,230,1
271,20,1
257,188,1
182,110,2
115,35,1
101,148,2
129,243,1
118,250,2
290,8,1
236,273,2
141,264,2
59,78,1
225,308,1
45,278,1
313,206,1
238,277,2
19,52,1
64,198,1
296,316,1
18,59,1
242,81,1
261,118,1
173,49,2
46,116,1
22,185,1
103,321,1
267,44,1
126,260,2
184,295,1
262,232,1
235,71,1
266,139,1
71,139,2
231,114,2
189,141,2
216,316,1
110,247,2
274,141,1
162,221,2
162,107,2
263,50,1
192,137,2
160,186,2
69,68,2
242,211,1
177,200,2
254,173,1
3,321,1
35,44,1
90,169,2
256,206,1
189,75,2
309,321,1
58,319,1
105,286,2
120,52,2
68,212,1
133,7,1
31,133,1
284,93,1
202,43,1
310,210,1
141,90,2
36,172,1
254,45,1
267,26,1
250,104,1
49,107,1
276,310,1
205,316,1
190,201,2
322,28,1
235,180,1
85,243,2
59,146,1
71,163,1
248,253,2
37,302,1
152,146,2
319,318,1
79,319,1
177,319,1
180,63,2
44,100,1
54,281,1
74,127,2
250,132,2
226,198,1
300,156,1
158,171,2
300,140,1
138,96,2
295,102,1
255,199,1
191,167,1
26,10,1
91,296,1
297,237,1
39,241,1
36,25,1
94,276,2
162,57,2
22,208,1
203,303,1
315,16,1
39,74,1
15,40,1
11,50,1
62,6,1
296,313,1
299,204,1
152,209,2
114,91,2
221,55,1
53,83,1
16,147,1
209,285,2
53,266,1
295,276,1
202,168,1
204,19,1
123,234,1
130,192,1
282,320,1
123,155,2
224,210,1
52,59,1
233,15,1
97,125,2
212,294,1
141,144,2
309,107,1
48,35,1
250,78,1
320,37,1
306,140,1
283,47,1
269,147,1
258,253,1
229,109,2
284,140,1
67,54,1
9,166,1
101,266,2
278,89,1
305,54,1
189,2,1
139,100,1
4,290,1
3,45,1
134,287,2
177,316,1
254,184,1
145,74,2
116,215,2
39,124,1
39,22,1
159,100,1
12,68,1
200,224,1
59,162,1
223,138,2
126,92,2
48,27,1
10,265,1
205,209,1
23,232,1
223,321,1
131,318,1
139,195,2
52,154,1
171,323,1
171,157,2
156,71,2
7,54,1
134,33,1
118,207,2
105,297,1
121,58,2
272,273,1
32,38,1
225,248,2
190,43,1
212,119,2
115,227,2
281,36,1
118,258,2
201,240,2
228,184,1
241,289,2
219,194,1
271,275,1
233,268,2
221,301,1
126,56,2
286,294,1
120,79,2
286,323,1
140,42,2
296,56,1
150,230,1
107,106,2
42,147,1
279,293,1
184,180,2
219,69,1
259,17,1
215,53,1
20,114,1
293,116,1
22,263,1
212,303,1
207,63,1
127,93,2
108,319,1
236,120,2
50,237,1
275,22,1
195,72,1
88,302,1
43,300,1
145,15,1
154,50,2
197,162,1
292,244,1
187,7,1
145,305,1
17,315,1
168,242,2
183,318,1
225,246,2
229,140,2
317,6,1
75,28,1
190,256,2
111,31,1
170,79,2
296,142,1
239,265,2
313,212,1
52,197,1
26,244,1
11,41,1
183,7,1
4,203,1
247,222,1
203,152,2
204,136,2
274,174,1
10,91,1
14,78,1
28,269,1
24,136,1
142,174,2
242,51,1
99,114,2
177,139,2
76,75,2
264,320,1
90,280,2
43,75,1
52,141,1
85,276,2
181,306,1
43,86,1
272,139,1
129,163,1
250,278,2
171,99,2
83,127,2
164,12,1
202,251,2
68,139,1
318,113,1
296,109,1
152,124,2
189,33,1
239,272,2
112,12,1
316,40,1
41,85,1
147,102,1
180,298,1
39,67,1
254,238,2
28,189,1
85,190,2
204,162,2
22,292,1
292,56,1
279,33,1
50,52,1
305,238,1
221,153,2
69,47,2
30,16,1
257,245,1
285,55,1
191,220,2
252,245,2
118,312,1
294,168,1
280,142,1
211,297,1
231,203,1
297,46,1
23,225,1
34,308,1
104,99,2
140,208,2
127,136,2
99,198,2
155,114,2
200,267,2
234,312,1
35,138,1
234,87,1
168,66,2
110,229,1
83,247,2
277,258,1
266,251,1
226,158,2
56,142,1
212,156,2
284,282,1
109,200,2
133,248,2
219,278,2
248,280,2
154,109,2
63,155,1
132,322,1
313,57,1
42,84,1
15,126,1
148,131,2
174,194,2
300,266,1
318,20,1
143,309,1
249,93,1
269,180,1
151,221,2
186,134,2
98,34,1
113,28,1
21,252,1
36,270,1
172,8,1
147,302,1
89,3,1
318,302,1
159,181,2
17,304,1
227,303,1
108,150,2
33,91,1
275,194,1
21,175,1
10,10,1
103,90,2
161,145,2
133,138,2
284,143,1
56,224,1
203,91,1
25,315,1
30,192,1
179,50,2
198,84,1
59,273,1
88,182,2
265,242,1
26,249,1
45,144,1
210,240,2
191,118,2
155,237,2
229,97,1
218,167,1
63,194,1
204,115,2
40,234,1
18,89,1
178,119,2
132,280,1
195,169,1
78,236,1
206,292,2
245,319,1
306,184,1
1,137,1
84,131,2
279,98,1
321,117,1
43,192,1
193,204,1
163,210,2
188,54,2
44,93,1
312,5,1
138,27,1
178,176,2
44,235,1
17,269,1
131,306,1
253,302,1
61,87,1
50,232,1
119,249,2
12,10,1
299,289,1
296,321,1
140,252,2
81,285,2
210,134,2
43,48,1
157,166,1
129,61,1
96,264,2
170,135,2
138,259,2
115,314,1
248,136,2
314,162,1
299,279,1
315,216,1
155,38,1
33,281,1
94,228,2
40,150,1
117,74,2
166,74,2
153,170,2
172,139,2
204,39,1
42,290,1
105,106,2
121,16,1
286,34,1
311,35,1
9,310,1
9,191,1
180,75,2
186,86,2
76,292,1
197,200,1
36,159,1
215,122,2
272,318,1
197,281,2
32,103,1
37,147,1
266,283,1
262,168,1
13,9,1
294,300,1
309,204,1
76,83,2
54,177,1
317,276,1
191,69,2
219,30,1
119,7,1
145,179,2
122,218,2
222,235,2
19,316,1
318,194,1
99,54,2
104,218,2
199,142,2
143,66,2
13,312,1
269,242,1
89,251,2
299,17,1
103,25,1
142,230,1
65,299,1
308,296,1
177,127,2
182,175,2
208,140,2
129,156,1
89,82,2
53,4,1
145,105,2
118,140,2
86,35,1
252,190,1
191,161,1
162,176,2
317,222,1
58,218,1
166,235,2
134,77,2
267,278,1
25,206,1
303,7,1
86,128,2
168,119,2
118,92,2
311,291,1
47,41,1
3,236,1
122,274,2
291,61,1
57,223,1
309,101,1
282,255,1
80,269,2
230,44,1
97,271,2
97,111,2
53,180,1
152,100,1
65,181,1
75,108,2
31,19,1
54,319,1
160,86,2
14,165,1
321,123,1
310,246,1
246,168,1
147,261,2
309,316,1
242,12,1
315,252,1
19,292,1
139,202,2
43,317,1
323,284,1
265,195,1
290,153,1
290,53,1
167,177,2
110,213,2
232,118,2
75,306,1
35,53,1
71,73,2
195,106,1
22,48,1
270,200,1
266,260,1
13,141,1
257,162,1
252,264,2
34,136,1
170,76,2
92,18,1
217,193,1
204,55,1
257,250,1
196,74,1
141,195,2
75,319,1
149,37,1
222,14,1
113,226,2
317,38,1
287,319,1
119,134,2
201,210,1
210,255,2
59,116,1
55,164,1
112,275,2
31,265,1
251,211,1
186,112,2
67,59,1
189,151,2
158,168,1
195,197,1
150,17,1
76,290,1
192,4,1
115,102,1
44,103,1
211,217,1
194,91,1
240,10,1
191,172,1
323,33,1
103,29,1
294,79,1
248,322,1
208,167,1
155,258,2
175,229,1
217,239,2
277,175,1
316,28,1
199,184,1
16,28,1
274,243,1
215,107,2
139,102,1
251,132,2
285,317,1
51,127,1
220,94,1
130,112,1
317,46,1
164,81,2
135,159,2
44,65,1
102,292,2
210,123,2
312,22,1
157,322,1
273,110,1
287,237,1
306,131,1
107,3,1
219,50,1
159,84,2
187,198,2
249,230,1
234,201,1
74,258,2
105,41,2
101,290,2
315,222,1
154,6,1
255,293,1
124,7,1
1,222,1
88,75,2
210,229,1
139,27,1
151,129,2
182,63,2
304,259,1
237,270,2
190,7,1
293,174,1
225,96,1
180,128,2
155,323,1
302,209,1
47,116,1
86,52,2
182,277,2
125,319,1
100,10,1
196,271,1
318,311,1
169,61,2
218,284,2
225,161,2
149,141,2
219,136,2
267,229,1
170,138,2
154,258,2
159,30,1
313,322,1
26,274,1
319,107,1
305,55,1
204,35,1
185,321,1
256,272,2
57,71,1
319,264,1
213,220,1
186,9,1
76,281,2
236,77,1
149,93,2
310,220,1
261,81,1
117,168,1
186,210,2
4,300,1
281,49,1
200,282,2
47,169,1
92,104,1
57,96,1
314,15,1
57,216,1
263,272,1
189,272,2
154,154,2
193,16,1
24,182,1
205,202,1
142,72,2
151,269,2
263,88,1
4,298,1
62,216,1
303,311,1
173,66,2
156,238,2
11,237,1
75,162,2
135,201,2
126,51,2
152,281,2
69,27,1
21,281,1
42,120,1
142,235,2
202,160,2
2,290,1
293,120,1
267,58,1
228,320,1
32,278,1
138,50,2
277,273,1
68,111,1
49,274,1
264,211,1
80,176,2
313,263,1
12,33,1
117,7,1
186,306,1
29,233,1
303,70,1
120,28,1
159,301,1
208,33,1
18,229,1
283,261,1
204,220,1
61,56,1
41,72,1
159,175,2
227,129,2
96,117,2
151,113,2
272,234,1
33,315,1
249,298,1
260,57,1
98,141,2
79,38,1
70,245,1
205,169,1
149,281,2
305,144,1
243,189,1
110,4,1
302,268,1
114,8,1
272,186,1
273,320,1
92,289,2
102,123,2
253,107,2
247,244,2
43,274,1
69,46,2
205,119,2
128,124,1
251,13,1
42,51,1
61,43,1
255,146,2
184,277,2
116,41,2
159,243,2
80,242,2
290,67,1
293,15,1
74,109,2
219,247,2
127,58,2
278,298,1
35,170,1
255,43,1
137,259,2
1,283,1
92,51,2
144,25,1
183,169,2
200,298,1
113,274,2
251,2,1
98,247,2
271,10,1
276,72,1
178,160,2
142,16,1
210,262,2
2,134,1
135,2,1
302,35,1
85,227,2
47,63,1
200,294,1
37,66,1
283,320,1
88,303,1
322,88,1
44,323,1
54,61,1
69,29,1
322,35,1
211,226,1
37,212,1
54,179,1
322,282,1
8,172,1
95,6,1
193,179,1
15,314,1
96,30,1
176,191,2
265,81,1
301,217,1
35,55,1
296,110,1
294,81,1
181,241,2
237,92,1
66,137,1
26,81,1
199,267,2
67,171,1
78,124,2
80,77,2
57,228,1
17,14,1
272,179,1
45,234,1
226,84,1
158,283,2
151,38,1
51,106,1
222,181,1
322,158,1
155,35,1
79,75,2
164,194,2
193,283,1
249,87,1
139,208,2
293,89,1
276,293,1
158,172,2
223,187,1
248,296,1
193,10,1
206,58,1
59,1,1
121,87,2
142,21,1
7,81,1
23,183,1
80,244,2
251,261,2
46,90,1
218,21,1
88,190,2
62,310,1
99,223,2
174,117,2
35,105,1
75,224,2
115,127,2
230,88,1
289,272,1
172,206,2
308,126,1
181,272,2
172,297,1
287,216,1
10,298,1
267,36,1
245,19,1
76,245,2
293,36,1
2,7,1
44,177,1
1,127,1
102,283,2
233,226,1
132,252,1
72,96,2
8,254,1
27,79,1
305,321,1
198,216,1
190,61,2
58,228,1
205,59,1
309,294,1
313,210,1
17,41,1
36,226,1
265,8,1
168,253,2
113,316,1
31,16,1
269,65,1
96,50,2
250,27,1
118,6,1
255,187,1
283,30,1
54,134,1
72,33,1
308,235,1
29,291,1
290,259,1
282,162,1
234,46,1
220,255,2
213,30,1
142,22,1
176,197,2
47,241,1
248,163,2
58,243,1
193,309,1
213,241,2
145,254,2
129,135,1
296,155,1
119,131,2
133,53,2
26,298,1
47,267,1
35,209,1
231,109,2
1,78,1
180,303,1
283,77,1
235,106,2
138,151,2
283,141,1
160,9,1
21,157,1
80,91,2
270,122,1
23,285,1
265,80,1
216,178,1
299,318,1
305,50,1
309,77,1
61,41,1
119,89,2
133,74,2
226,277,2
275,114,1
163,141,2
209,222,1
197,10,1
272,223,1
174,112,2
311,142,1
95,117,2
201,207,1
279,196,1
240,3,1
44,262,1
51,10,1
233,175,1
134,11,1
280,205,1
141,111,2
203,55,1
208,210,1
217,83,1
100,104,1
77,178,2
316,20,1
4,83,1
263,119,1
116,277,2
307,86,1
189,167,1
144,85,2
310,22,1
261,145,1
251,35,1
160,233,2
20,219,1
73,124,2
201,314,1
84,304,1
81,282,2
64,248,1
238,56,1
269,61,1
22,275,1
107,219,2
32,40,1
211,119,2
208,109,2
222,301,1
120,212,2
317,49,1
4,65,1
264,215,1
208,240,2
240,179,1
261,29,1
318,122,1
160,83,2
40,265,1
34,243,1
23,281,1
212,288,2
110,222,2
28,227,1
39,193,1
4,207,1
138,14,1
156,261,2
105,14,1
220,265,2
223,181,1
98,3,1
116,292,1
290,187,1
141,169,2
313,109,1
57,319,1
165,186,2
208,120,2
81,44,2
272,5,1
207,176,1
112,47,2
163,165,1
306,137,1
19,133,1
225,95,1
74,282,1
146,317,1
140,131,2
161,252,2
199,77,1
62,272,1
315,153,1
66,180,1
3,155,1
307,248,1
228,174,1
34,235,1
11,192,1
81,253,2
272,56,1
39,91,1
112,120,2
237,67,1
187,171,2
283,297,1
24,2,1
148,95,2
258,10,1
322,187,1
228,140,2
289,265,1
9,73,1
80,246,2
83,294,1
203,208,1
245,244,2
260,13,1
292,205,1
321,41,1
92,105,2
70,34,1
170,93,2
79,168,1
141,260,2
25,95,1
62,273,1
107,171,2
55,254,1
162,199,2
205,97,1
233,68,1
30,26,1
209,59,1
120,96,2
273,319,1
234,100,1
274,16,1
138,166,1
45,302,1
130,68,1
171,238,2
129,35,1
247,8,1
243,111,2
73,167,1
249,234,2
244,32,1
255,115,2
295,179,1
265,200,1
233,306,1
207,287,2
257,106,1
306,305,1
251,19,1
7,96,1
239,293,1
72,130,2
79,177,2
10,106,1
198,261,2
274,159,1
307,40,1
312,52,1
9,188,1
278,38,1
165,276,2
119,277,2
82,160,2
108,113,2
41,186,1
292,9,1
142,187,2
179,86,2
260,264,1
128,65,1
162,235,2
286,196,1
139,198,2
7,220,1
126,108,1
26,11,1
124,299,1
120,241,1
54,43,1
297,170,1
60,28,1
315,281,1
197,142,2
268,174,1
138,142,2
286,292,1
27,131,1
184,205,2
272,212,1
30,25,1
7,259,1
259,210,1
37,176,1
313,175,1
307,236,1
98,245,2
54,76,1
150,263,2
310,62,1
106,200,2
253,88,1
113,129,2
202,253,2
207,277,2
73,61,2
204,250,2
211,8,1
96,20,1
134,32,1
208,4,1
315,242,1
134,232,1
195,180,1
88,181,2
124,195,2
62,14,1
323,178,1
2,22,1
227,124,2
20,153,1
92,265,2
149,30,1
1,20,1
188,305,1
79,245,2
25,36,1
121,39,1
233,72,1
146,137,2
16,40,1
36,87,1
112,198,2
151,9,1
142,135,2
258,318,1
146,188,2
201,289,2
274,21,1
272,314,1
294,271,1
219,309,1
70,54,2
85,15,1
246,121,2
219,76,1
292,214,1
293,247,1
155,273,2
299,80,1
219,84,1
165,15,1
134,162,1
10,290,1
149,155,2
118,229,1
33,73,1
197,86,1
257,227,1
22,235,1
277,217,1
175,114,2
101,46,2
269,75,1
198,122,2
237,78,1
192,224,1
53,264,1
16,49,1
170,92,2
280,111,1
302,317,1
268,50,1
240,46,1
165,268,2
232,304,1
127,252,1
8,167,1
23,16,1
6,261,1
115,226,2
286,194,1
73,169,1
322,266,1
125,120,2
177,217,2
210,115,2
178,285,2
307,253,1
84,63,2
61,321,1
214,244,2
11,6,1
40,24,1
146,113,2
202,279,2
273,166,1
46,266,1
175,266,2
76,42,2
114,117,2
133,254,2
196,130,1
101,92,2
109,217,2
283,294,1
292,247,1
104,185,2
242,267,2
268,187,1
141,95,2
281,150,1
87,218,2
284,133,1
223,219,1
206,42,1
297,88,1
251,92,1
151,226,2
118,96,2
69,201,2
213,144,2
164,269,2
14,180,1
142,93,2
24,227,1
202,189,1
304,293,1
109,207,2
35,30,1
234,122,2
154,77,2
220,105,2
9,270,1
105,68,2
288,206,1
175,188,2
164,131,2
75,174,2
174,94,2
179,87,2
28,261,1
57,103,1
128,310,1
255,204,1
175,91,2
174,124,2
153,154,2
68,15,1
106,41,2
129,67,1
217,33,1
173,210,2
265,121,1
319,226,1
314,4,1
305,283,1
83,13,1
218,272,2
179,128,2
316,33,1
32,294,1
9,38,1
240,228,1
202,217,1
205,89,1
216,142,2
232,305,1
22,125,1
30,34,1
56,236,1
149,6,1
204,65,1
88,288,2
60,61,1
173,51,2
212,98,1
299,150,1
162,129,2
216,207,1
281,232,1
97,46,2
189,88,2
154,49,2
120,117,2
247,113,2
86,210,2
47,271,1
206,285,2
256,124,2
148,216,2
277,282,1
233,82,1
236,187,1
217,89,1
125,241,1
287,167,1
296,92,1
258,231,1
244,52,1
171,203,2
4,309,1
183,26,1
219,235,2
159,74,2
80,76,2
125,211,2
82,255,2
191,67,2
71,144,2
165,124,2
232,249,2
163,153,2
260,11,1
32,59,1
310,21,1
38,185,1
260,192,1
92,20,1
281,177,1
145,93,2
172,160,2
69,167,1
276,204,1
254,162,1
48,247,1
164,319,1
28,204,1
300,133,1
269,313,1
268,216,1
104,287,2
322,113,1
237,55,1
23,262,1
12,154,1
157,242,2
96,1,1
265,32,1
11,227,1
4,76,1
62,166,1
157,266,2
99,188,2
121,153,2
203,12,1
200,47,1
234,143,2
301,163,1
52,200,1
7,41,1
30,43,1
246,11,1
188,270,2
300,212,1
165,123,2
314,230,1
109,135,2
12,185,1
315,268,1
19,165,1
7,236,1
214,63,1
308,252,1
242,304,1
175,135,2
252,25,1
178,38,1
220,12,1
255,40,1
255,212,1
323,243,1
282,148,1
256,84,1
238,1,1
196,198,1
205,56,1
244,201,1
117,104,1
231,182,1
6,246,1
73,7,1
242,174,1
150,321,1
300,211,1
140,226,2
83,35,1
186,123,2
173,138,2
85,277,2
271,222,1
178,199,2
68,61,1
130,293,1
126,200,2
78,244,2
285,93,1
165,162,2
97,199,2
46,23,1
122,319,1
209,88,1
252,222,1
323,220,1
20,35,1
55,142,1
236,204,1
96,185,2
195,2,1
141,3,1
141,127,2
229,104,1
115,61,2
127,32,1
283,227,1
269,318,1
126,197,2
238,146,2
297,20,1
136,126,2
169,262,2
126,72,2
256,222,1
24,309,1
117,249,2
62,58,1
273,17,1
260,163,1
270,288,1
10,80,1
318,310,1
323,66,1
66,21,1
171,142,2
28,9,1
26,94,1
90,135,2
241,214,1
125,261,2
265,257,1
172,24,1
241,130,2
95,5,1
50,177,1
76,175,2
291,66,1
1,50,1
95,14,1
157,238,2
85,294,1
279,205,1
155,5,1
299,180,1
293,201,1
69,111,2
124,49,2
188,107,2
48,69,1
63,143,1
278,150,1
44,28,1
38,13,1
88,245,2
221,281,2
281,303,1
276,289,1
321,81,1
295,43,1
74,159,2
253,285,2
179,193,2
34,128,1
82,231,1
247,68,1
5,180,1
153,188,2
81,30,1
193,264,1
83,154,2
269,138,1
188,260,2
254,272,2
108,60,2
303,84,1
88,51,2
10,256,1
89,302,1
243,166,1
43,111,1
180,285,2
192,112,2
5,246,1
194,79,1
33,118,1
3,247,1
35,228,1
47,137,1
291,318,1
149,227,2
81,13,1
203,304,1
276,178,1
249,145,2
60,137,1
183,239,2
14,7,1
217,51,1
60,184,1
87,264,2
201,153,2
250,241,2
218,107,2
283,282,1
221,263,2
2,95,1
18,294,1
265,186,1
107,68,2
256,184,1
200,123,2
267,253,1
281,216,1
169,189,2
185,135,2
315,170,1
7,170,1
164,67,2
318,246,1
131,27,1
311,241,1
162,251,2
168,243,2
308,154,1
109,51,2
47,101,1
227,205,1
170,75,2
113,279,2
154,123,2
223,231,1
141,53,2
176,61,2
226,136,2
88,294,1
125,149,2
15,117,1
21,309,1
222,284,2
121,5,1
20,215,1
32,30,1
269,109,1
6,227,1
290,285,1
253,195,1
166,138,2
308,322,1
175,49,2
71,227,1
167,139,2
120,64,2
302,195,1
16,305,1
129,55,1
321,94,1
153,316,1
191,227,1
204,203,1
123,246,2
314,59,1
164,275,2
129,154,1
221,72,1
289,73,1
77,118,2
64,288,1
297,72,1
131,51,1
251,32,1
103,184,2
18,79,1
63,258,1
131,280,1
127,36,1
153,208,2
167,286,2
89,13,1
302,130,1
310,281,1
268,163,1
316,316,1
292,78,1
31,76,1
51,38,1
254,20,1
310,164,1
288,149,1
21,129,1
72,123,2
133,321,1
83,199,2
149,38,1
62,180,1
181,113,2
50,55,1
114,88,2
209,205,1
181,54,2
23,105,1
48,121,1
59,84,1
179,259,2
166,274,2
74,10,1
152,123,2
75,323,1
95,194,2
60,75,1
317,31,1
36,157,1
49,309,1
41,174,1
18,154,1
127,258,2
92,120,2
131,82,1
289,284,1
103,246,2
15,21,1
191,196,2
107,155,2
104,256,2
45,191,1
3,298,1
52,148,1
240,89,1
148,52,2
323,108,1
226,100,1
22,139,1
291,42,1
201,84,1
53,151,1
42,18,1
213,167,1
79,317,1
169,114,2
38,231,1
13,46,1
187,66,2
123,193,2
33,87,1
225,107,2
15,42,1
294,274,1
22,312,1
161,43,2
106,245,2
65,205,1
317,288,1
1,17,1
318,273,1
276,265,1
88,164,2
319,188,1
260,49,1
106,296,1
106,229,1
50,207,1
307,77,1
214,15,1
37,218,1
243,85,1
94,221,2
8,144,1
237,219,1
170,196,2
225,162,2
253,66,1
235,191,1
237,290,2
61,161,1
193,322,1
211,123,2
299,269,1
152,221,2
24,266,1
56,80,1
268,202,1
107,14,1
5,229,1
118,139,2
60,12,1
99,7,1
97,297,1
161,67,2
193,315,1
181,303,1
233,290,2
15,154,1
278,20,1
246,95,1
116,105,2
31,66,1
28,200,1
6,269,1
18,84,1
19,210,1
248,263,2
285,154,1
71,268,2
290,134,1
134,250,2
190,141,2
12,150,1
227,13,1
197,282,2
25,8,1
230,100,1
318,223,1
169,9,1
307,228,1
272,294,1
198,240,2
44,224,1
39,40,1
191,15,1
191,287,2
180,276,2
24,251,1
148,301,1
32,308,1
198,273,2
182,261,2
221,76,1
208,9,1
194,105,1
230,40,1
69,30,1
110,305,1
261,298,1
33,323,1
304,37,1
82,294,1
156,60,2
199,162,1
207,187,1
132,192,1
307,88,1
86,56,2
306,216,1
122,166,1
237,66,1
54,255,1
170,189,2
78,47,2
34,183,1
262,44,1
33,155,1
285,307,1
86,240,2
128,32,1
250,209,1
248,254,2
112,309,1
76,34,1
42,220,1
133,15,1
25,276,1
272,257,1
163,29,1
175,93,2
254,290,1
267,48,1
135,264,2
207,323,1
6,209,1
168,67,2
203,191,1
244,67,1
32,28,1
30,211,1
214,262,2
4,294,1
144,222,2
29,177,1
239,169,1
21,147,1
307,180,1
281,263,1
73,97,2
63,301,1
301,120,1
231,33,1
273,88,1
206,323,1
43,30,1
282,234,1
48,192,1
318,279,1
80,142,2
273,205,1
168,179,2
61,285,1
6,162,1
198,292,1
58,50,1
44,83,1
57,56,1
100,7,1
49,216,1
196,128,1
34,27,1
313,234,1
16,86,1
149,32,1
241,291,2
299,32,1
146,158,2
234,12,1
278,195,1
28,66,1
33,190,1
212,151,2
199,137,2
158,77,2
23,129,1
248,302,1
173,72,2
190,5,1
282,15,1
304,278,1
318,198,1
249,183,1
120,110,2
228,155,2
322,226,1
44,8,1
261,117,1
270,184,1
257,187,1
104,176,2
310,102,1
177,262,2
76,166,1
115,36,1
122,202,2
276,159,1
1,240,1
36,305,1
179,45,2
36,223,1
211,274,2
117,112,2
232,198,1
35,196,1
298,251,1
25,282,1
217,195,1
189,170,1
94,95,2
61,78,1
28,27,1
49,132,1
142,84,2
6,126,1
194,292,1
143,30,1
169,162,2
142,217,2
172,256,2
310,61,1
254,97,1
61,279,1
148,33,1
174,306,1
35,322,1
68,148,1
308,23,1
113,233,1
137,111,2
15,298,1
33,106,1
92,128,2
43,101,1
43,45,1
316,276,1
234,240,2
246,255,2
234,31,1
187,213,2
124,164,1
309,240,1
148,16,1
93,82,2
8,2,1
210,139,2
56,304,1
255,16,1
161,201,2
303,183,1
64,285,1
112,118,2
318,166,1
268,104,1
131,48,1
230,10,1
26,208,1
25,297,1
154,219,2
115,254,2
20,261,1
239,155,2
72,13,1
205,118,2
290,265,1
83,284,2
100,303,1
39,194,1
143,235,2
62,306,1
201,76,1
115,118,2
193,15,1
89,18,1
48,3,1
203,25,1
258,302,1
226,109,2
77,99,2
225,104,1
149,315,1
210,65,1
9,47,1
216,281,2
93,213,2
187,168,1
214,307,1
266,219,1
97,86,2
86,189,2
83,160,2
160,241,2
87,292,1
144,106,2
271,65,1
10,207,1
285,299,1
90,80,2
17,174,1
81,117,2
106,32,1
155,32,1
228,300,1
66,184,1
302,67,1
50,47,1
226,191,1
247,105,2
320,181,1
290,284,1
181,197,2
321,215,1
77,157,2
116,117,2
157,185,2
277,152,1
105,26,1
53,320,1
55,25,1
59,201,1
31,138,1
48,194,1
304,78,1
30,240,1
132,174,1
277,210,1
182,124,2
308,160,1
233,240,2
225,137,2
157,81,2
239,191,1
216,91,1
44,69,1
106,9,1
157,37,1
256,149,2
178,201,2
58,121,1
18,74,1
98,19,1
238,34,1
184,215,2
263,164,1
49,292,1
42,63,1
250,88,1
185,159,2
242,283,2
62,97,1
204,290,2
27,220,1
287,156,1
141,295,1
179,73,2
87,63,2
289,7,1
106,192,2
272,111,1
245,273,2
108,268,2
64,7,1
166,23,1
185,198,2
199,16,1
112,252,2
29,308,1
82,150,2
231,71,1
120,284,1
72,4,1
85,321,1
123,3,1
105,281,2
158,208,2
246,118,2
50,43,1
240,251,2
211,93,1
261,95,1
17,203,1
42,27,1
71,66,2
93,303,1
198,52,1
150,31,1
266,84,1
208,173,1
292,145,1
48,243,1
279,142,1
300,18,1
92,25,1
110,215,2
225,253,2
76,305,1
20,314,1
45,214,1
214,125,2
290,319,1
106,289,2
200,273,2
262,205,1
185,115,2
127,179,2
113,310,1
227,260,2
296,287,1
23,282,1
280,132,1
207,37,1
148,13,1
9,303,1
56,155,1
76,248,2
153,47,2
243,201,1
289,296,1
291,118,1
128,109,1
182,93,2
243,200,1
55,154,1
272,16,1
85,30,1
109,190,2
41,215,1
111,25,1
298,226,1
320,85,1
304,207,1
153,25,1
112,64,2
281,110,1
199,153,2
97,132,2
160,214,2
182,272,2
273,286,1
280,80,1
107,248,2
111,109,2
7,241,1
136,225,2
286,154,1
244,12,1
106,63,2
261,61,1
166,128,2
75,73,2
129,235,1
190,66,2
60,284,1
251,199,1
85,146,2
19,10,1
53,177,1
201,261,2
199,189,1
58,179,1
211,315,1
34,266,1
95,240,2
104,294,1
102,17,1
243,231,1
264,277,1
35,164,1
296,5,1
183,56,2
297,11,1
68,229,1
97,20,1
208,147,2
175,319,1
223,208,1
36,209,1
168,149,2
79,227,2
191,308,1
50,224,1
216,188,1
216,150,2
238,249,2
282,88,1
83,158,2
168,172,2
143,128,2
295,278,1
223,91,1
217,175,1
104,170,2
202,167,1
116,45,2
77,112,2
212,178,1
22,197,1
45,198,1
319,162,1
271,101,1
104,161,2
128,277,1
85,6,1
54,2,1
6,250,1
103,69,2
284,62,1
232,169,1
117,136,2
1,277,1
244,131,2
293,82,1
85,215,2
97,277,2
246,188,1
36,314,1
296,162,1
158,275,2
161,230,1
219,201,1
6,24,1
139,199,2
120,180,2
96,287,2
248,125,2
121,314,1
200,168,1
266,71,1
252,101,1
285,59,1
319,104,1
63,292,1
210,15,1
108,80,2
126,268,2
304,166,1
245,263,2
60,167,1
65,272,1
112,300,1
42,143,1
227,105,2
57,295,1
234,69,1
170,300,1
8,179,1
86,30,1
288,79,1
81,35,1
36,120,1
75,150,2
193,117,1
299,105,1
308,47,1
59,182,1
182,270,2
233,264,2
19,313,1
79,41,2
315,75,1
29,33,1
191,238,2
141,189,2
112,132,2
280,315,1
185,275,2
87,294,1
130,28,1
105,133,2
225,145,2
75,264,2
308,25,1
262,6,1
188,192,2
248,108,2
153,296,1
213,179,1
261,53,1
289,44,1
104,283,2
321,160,1
295,294,1
265,170,1
196,46,1
290,43,1
304,322,1
294,251,1
36,230,1
94,39,1
87,82,2
214,185,1
100,18,1
6,151,1
142,97,2
71,185,2
263,154,1
322,153,1
37,300,1
206,294,1
156,31,1
307,144,1
213,254,2
97,284,2
170,307,1
314,314,1
20,186,1
27,266,1
252,241,2
149,24,1
101,10,1
65,254,1
277,228,1
259,129,1
70,227,1
158,186,2
203,6,1
197,9,1
104,207,2
199,277,2
191,230,1
244,217,1
19,137,1
164,298,1
194,272,1
10,218,1
310,186,1
172,229,1
9,148,1
281,113,1
297,152,1
14,199,1
174,271,2
65,17,1
58,107,1
259,317,1
11,119,1
164,147,2
12,2,1
64,321,1
89,309,1
295,128,1
132,263,1
169,193,2
279,11,1
197,320,1
203,187,1
255,162,1
112,294,1
237,175,1
144,230,1
50,176,1
177,270,2
42,221,1
18,169,1
66,47,1
98,53,2
107,95,2
265,206,1
15,31,1
164,36,1
171,29,1
148,155,2
289,294,1
141,190,2
116,11,1
209,21,1
41,301,1
246,252,2
185,260,2
119,6,1
63,7,1
70,254,2
307,128,1
151,184,2
42,105,1
27,178,1
184,317,1
286,153,1
178,97,2
153,271,2
74,30,1
66,1,1
245,129,2
105,193,2
276,82,1
1,39,1
176,109,2
56,154,1
191,107,1
19,23,1
246,133,2
48,286,1
139,317,1
234,60,1
91,182,2
133,91,2
218,298,1
222,165,1
197,307,1
177,99,2
195,107,1
104,105,2
236,131,2
55,291,1
88,26,1
205,234,2
294,204,1
311,153,1
113,151,2
144,244,2
174,250,2
143,307,1
157,248,2
302,273,1
87,138,2
23,26,1
148,176,2
101,297,1
29,87,1
311,34,1
216,184,1
301,264,1
158,316,1
301,7,1
163,191,2
307,161,1
39,8,1
86,270,2
6,169,1
183,271,2
80,174,2
79,81,2
24,300,1
226,172,1
165,167,1
276,77,1
140,293,1
87,111,2
298,118,1
306,271,1
156,243,2
18,208,1
306,262,1
228,166,1
114,120,2
71,214,2
153,110,2
198,321,1
304,23,1
116,176,2
279,73,1
84,84,2
119,119,2
173,70,2
251,25,1
120,29,1
257,65,1
236,105,2
196,152,1
43,292,1
163,92,2
296,282,1
85,179,2
321,14,1
186,232,1
305,290,1
32,23,1
68,75,1
310,185,1
173,200,2
205,154,2
128,36,1
142,193,2
210,22,1
275,51,1
193,61,1
226,137,2
32,84,1
123,163,1
152,32,1
130,217,1
233,218,1
128,21,1
73,164,1
274,273,1
137,67,2
110,301,1
122,82,2
222,214,1
304,126,1
145,44,2
158,173,2
191,187,2
175,287,2
123,121,2
115,63,2
95,262,2
286,198,1
171,44,2
270,134,1
302,258,1
245,63,1
290,23,1
222,273,2
277,201,1
8,113,1
132,203,1
101,86,2
208,155,2
172,120,2
150,314,1
318,26,1
282,80,1
253,28,1
138,107,2
289,147,1
317,14,1
18,95,1
221,212,1
155,321,1
288,46,1
14,65,1
247,54,1
123,287,1
41,137,1
308,217,1
304,260,1
30,126,1
141,231,1
266,162,1
224,322,1
187,279,2
160,24,1
136,198,2
126,312,1
242,265,2
108,139,2
225,312,1
321,286,1
190,273,2
41,54,1
8,118,1
323,279,1
199,132,2
76,215,2
156,165,1
168,288,2
12,160,1
219,222,1
274,2,1
320,258,1
17,198,1
242,225,1
92,94,2
198,224,1
45,110,1
252,288,2
131,286,1
293,128,1
18,42,1
152,284,2
261,242,1
107,122,2
305,249,1
306,311,1
167,148,2
106,226,2
27,155,1
65,49,1
153,91,2
55,278,1
109,180,2
262,18,1
5,262,1
95,7,1
42,133,1
221,302,1
151,21,1
302,191,1
91,175,2
140,213,2
50,247,1
43,18,1
298,213,1
299,52,1
16,171,1
39,2,1
66,67,1
29,194,1
170,294,1
52,116,1
199,174,1
8,79,1
76,162,2
223,251,2
285,301,1
142,172,2
67,133,1
184,258,2
209,174,1
187,14,1
307,320,1
223,94,1
15,94,1
169,258,2
287,93,1
120,34,1
113,117,2
154,210,2
303,159,1
128,227,1
322,179,1
38,181,1
181,100,1
178,41,2
202,32,1
14,168,1
187,200,2
79,26,1
23,177,1
67,131,1
279,12,1
118,179,2
115,308,1
104,219,2
87,3,1
129,220,1
232,109,2
225,106,2
80,61,2
29,193,1
225,71,1
102,27,1
109,17,1
273,122,1
226,22,1
82,303,1
176,92,2
225,176,1
183,28,1
18,162,1
267,113,1
262,99,1
215,275,2
217,36,1
114,264,2
275,129,1
301,150,1
298,1,1
246,212,1
196,31,1
314,295,1
189,290,2
294,46,1
135,170,1
319,267,1
82,246,2
91,105,2
168,306,1
154,198,2
151,303,1
204,300,1
221,48,1
16,262,1
37,173,1
253,230,1
155,166,1
44,206,1
124,68,2
313,77,1
127,49,2
309,70,1
32,5,1
18,282,1
22,227,1
33,102,1
204,227,1
292,91,1
68,43,1
318,87,1
211,55,1
196,45,1
307,288,1
104,133,2
13,41,1
211,60,1
50,10,1
68,235,1
49,269,1
287,294,1
238,40,1
135,294,1
296,296,1
187,25,1
144,192,2
2,213,1
290,127,1
225,57,1
289,271,1
88,165,1
299,66,1
5,37,1
190,179,2
290,213,1
112,103,1
184,100,1
198,253,2
287,190,1
290,161,1
315,294,1
20,19,1
97,43,2
281,194,1
55,151,1
180,225,2
107,235,2
193,86,1
114,146,2
72,246,1
153,310,1
239,145,2
25,176,1
197,304,1
37,175,1
179,39,1
47,172,1
256,28,1
56,153,1
7,71,1
238,227,1
147,323,1
182,251,2
180,214,2
19,253,1
20,32,1
316,12,1
182,132,2
299,138,1
204,38,1
131,30,1
312,104,1
137,19,1
102,248,2
170,87,2
76,13,1
121,168,1
197,188,1
303,56,1
266,314,1
213,45,1
74,225,2
264,162,1
25,221,1
307,166,1
44,2,1
33,105,1
71,94,2
105,17,1
233,303,1
175,131,2
323,41,1
213,86,1
188,26,1
189,15,1
213,68,1
223,227,1
130,287,1
253,264,2
106,126,2
321,38,1
162,61,2
263,20,1
288,266,1
93,299,1
97,205,2
258,258,1
96,238,2
53,300,1
191,113,2
18,310,1
62,219,1
73,67,2
224,283,2
216,67,1
136,64,2
213,200,1
17,210,1
157,213,2
160,289,2
50,182,1
191,45,2
79,128,2
60,297,1
116,2,1
132,8,1
262,274,1
164,142,2
28,67,1
117,310,1
44,261,1
297,180,1
34,24,1
134,264,2
286,296,1
17,284,1
61,215,1
131,276,1
266,33,1
191,237,1
285,163,1
318,41,1
99,279,2
178,60,2
243,290,2
115,124,2
216,182,1
49,151,1
31,305,1
222,162,2
154,273,2
39,123,1
4,13,1
174,323,1
50,76,1
237,194,1
302,309,1
261,12,1
156,37,1
185,91,2
34,114,1
306,156,1
318,105,1
170,24,1
27,98,1
122,314,1
103,288,2
24,259,1
152,132,2
187,77,2
302,166,1
321,127,1
323,142,1
138,26,1
80,249,2
232,129,2
103,292,2
13,245,1
150,40,2
39,96,1
83,128,2
209,317,1
264,270,1
266,129,1
301,248,1
162,120,2
159,146,2
207,143,2
255,41,1
178,235,2
166,127,2
204,292,2
85,275,2
125,223,2
292,238,1
189,104,1
128,155,1
186,17,1
281,84,1
24,299,1
171,250,2
255,176,1
4,209,1
255,89,1
321,119,1
171,226,2
151,8,1
236,171,1
146,9,1
2,232,1
64,322,1
140,144,2
303,146,1
215,245,2
193,279,1
313,310,1
163,246,2
190,79,2
237,230,1
291,62,1
257,54,1
280,5,1
242,169,1
178,154,2
135,142,2
176,277,2
200,125,2
101,121,2
277,286,1
270,47,1
33,205,1
189,91,2
261,201,1
310,283,1
260,259,1
203,48,1
280,302,1
182,105,2
240,154,2
162,12,1
317,66,1
199,164,1
258,194,1
253,120,2
294,208,1
212,56,1
129,252,1
294,196,1
264,99,1
241,6,1
319,73,1
68,225,1
220,146,2
5,9,1
57,299,1
90,300,1
289,244,1
254,242,2
322,166,1
278,31,1
290,287,1
26,104,1
156,123,2
254,195,1
166,216,2
315,134,1
188,223,2
17,141,1
70,95,2
89,287,2
228,153,2
64,293,1
13,304,1
193,85,1
41,172,1
89,114,2
151,193,2
158,126,2
93,80,2
240,71,1
213,13,1
55,21,1
233,56,1
171,315,1
145,99,2
30,66,1
160,305,1
220,57,1
205,94,1
261,134,1
35,132,1
77,254,2
137,99,1
273,157,1
285,129,1
274,55,1
21,321,1
174,303,1
265,38,1
124,258,2
256,58,1
224,78,1
212,10,1
136,93,2
59,262,1
3,92,1
1,30,1
198,263,2
168,105,2
67,111,1
230,105,2
173,300,1
68,202,1
298,127,1
253,147,2
261,212,1
130,98,1
285,300,1
108,273,2
97,202,2
206,142,2
279,23,1
180,113,2
43,236,1
107,301,1
170,255,2
86,58,2
188,231,1
94,56,2
141,38,1
235,9,1
247,308,1
271,109,1
294,133,1
5,22,1
289,127,1
83,281,2
127,31,1
9,276,1
201,188,1
248,188,1
62,234,1
250,150,2
62,30,1
214,279,2
128,270,1
115,85,2
66,157,1
263,112,1
306,106,1
179,256,2
7,242,1
55,316,1
292,99,1
53,106,1
295,137,1
199,231,1
275,283,1
33,291,1
52,128,1
129,70,1
151,246,2
25,113,1
8,12,1
135,56,2
286,215,1
234,32,1
71,196,2
121,31,1
121,83,2
47,149,1
312,55,1
283,66,1
260,62,1
13,159,1
184,177,2
225,261,2
133,133,2
274,237,1
238,30,1
94,60,2
121,322,1
120,60,2
104,302,1
249,247,2
236,234,2
245,54,1
146,206,2
317,260,1
278,246,1
119,136,2
216,263,2
315,212,1
206,69,1
220,245,2
20,203,1
231,158,2
101,134,2
178,262,2
22,207,1
96,41,2
269,77,1
200,122,2
128,135,1
230,278,2
219,163,2
299,233,1
16,254,1
252,35,1
16,114,1
63,50,1
220,32,1
172,258,2
127,143,2
59,67,1
226,128,2
148,112,2
190,103,1
240,152,2
110,63,2
169,268,2
105,21,1
221,266,2
102,1,1
265,226,1
277,290,1
144,317,1
90,170,2
180,110,2
111,189,2
183,304,1
184,226,2
36,78,1
307,135,1
159,268,2
177,117,2
135,202,2
19,135,1
164,187,2
257,98,1
223,312,1
127,19,1
124,100,1
114,142,2
316,245,1
87,25,1
224,192,1
14,262,1
316,103,1
160,153,2
305,243,1
195,301,1
207,312,1
8,105,1
135,59,2
165,16,1
49,277,1
41,293,1
235,136,2
84,62,2
91,119,2
24,268,1
186,13,1
31,8,1
315,147,1
115,277,2
276,61,1
205,309,1
216,98,1
95,237,2
45,240,1
167,39,1
79,215,2
165,314,1
115,95,2
311,23,1
243,309,1
292,277,1
15,108,1
103,176,2
314,204,1
140,70,2
43,133,1
182,206,2
57,13,1
78,39,1
316,215,1
223,107,2
250,22,1
307,80,1
181,23,1
249,153,2
294,292,1
69,55,2
183,114,2
127,214,2
55,231,1
26,100,1
284,198,1
97,226,2
267,292,1
245,294,1
222,178,1
216,179,1
280,238,1
122,76,2
288,208,1
141,35,1
168,150,2
205,76,1
10,137,1
21,182,1
276,268,1
232,19,1
43,137,1
152,107,2
123,315,1
298,61,1
46,272,1
259,86,1
233,79,1
175,173,2
174,294,1
6,59,1
284,106,1
24,319,1
60,204,1
44,150,1
74,149,2
30,254,1
289,256,1
319,74,1
33,5,1
68,263,1
126,102,1
278,249,1
113,133,2
276,196,1
223,242,2
128,152,1
16,218,1
262,79,1
146,8,1
323,194,1
266,247,1
287,162,1
291,68,1
33,251,1
39,271,1
93,45,2
29,273,1
69,178,2
87,242,2
16,32,1
133,139,2
302,291,1
102,84,2
191,150,2
150,264,2
108,204,2
52,192,1
206,90,1
65,322,1
182,235,2
58,32,1
285,135,1
257,94,1
306,33,1
230,162,2
88,273,2
161,22,1
156,195,2
41,153,1
254,43,1
200,89,1
217,300,1
26,134,1
158,64,2
33,40,1
91,281,2
108,229,1
172,128,2
258,237,1
279,276,1
275,130,1
91,109,2
301,154,1
187,86,2
94,82,2
47,162,1
177,24,1
197,145,2
169,266,2
12,310,1
244,251,2
47,44,1
287,124,1
311,36,1
151,72,2
59,306,1
315,225,1
104,11,1
216,27,1
322,250,1
133,252,2
24,288,1
71,121,2
80,296,1
255,28,1
271,205,1
208,275,2
298,29,1
220,40,1
241,139,2
259,5,1
247,155,2
47,185,1
4,318,1
136,176,2
195,263,1
249,265,2
89,57,2
248,205,1
82,205,2
90,13,1
215,27,1
145,137,2
120,159,2
312,304,1
166,144,2
206,174,1
289,33,1
315,236,1
119,70,2
265,271,1
312,174,1
206,160,2
108,166,1
228,50,1
139,44,2
200,151,2
63,81,1
267,155,1
114,251,2
206,271,2
227,151,2
228,181,1
322,114,1
310,33,1
177,140,2
144,236,2
256,157,1
92,139,2
101,56,2
80,79,2
191,217,2
107,128,2
62,95,1
214,295,1
198,227,1
49,278,1
219,295,1
87,42,2
161,54,2
140,319,1
195,207,1
44,276,1
295,305,1
206,178,1
230,35,1
259,38,1
147,215,2
303,204,1
9,254,1
59,89,1
131,259,1
285,323,1
18,254,1
250,271,2
180,137,2
288,167,1
315,110,1
114,97,2
8,67,1
259,160,1
122,311,1
277,74,1
3,8,1
103,22,1
222,52,1
227,273,2
241,206,1
130,51,1
87,123,2
253,100,1
91,79,2
223,238,2
142,82,2
28,290,1
186,179,2
227,127,2
111,278,2
305,61,1
276,164,1
320,90,1
290,267,1
233,123,2
141,125,2
270,165,1
286,199,1
210,86,1
118,52,2
176,23,1
177,209,2
282,70,1
209,159,2
230,87,1
152,230,1
276,245,1
277,293,1
243,293,1
80,255,2
257,158,1
208,236,2
82,103,1
132,219,1
49,46,1
110,276,2
21,108,1
101,26,1
6,43,1
148,280,2
180,11,1
147,230,1
54,191,1
216,21,1
188,142,2
190,121,2
8,304,1
206,97,1
164,96,2
146,11,1
126,68,2
272,262,1
323,44,1
209,263,2
255,31,1
113,114,2
125,151,2
131,273,1
105,109,2
262,50,1
314,160,1
25,42,1
262,218,1
40,266,1
240,136,2
125,50,2
116,294,1
209,139,2
168,71,2
2,17,1
13,78,1
182,160,2
193,6,1
284,190,1
291,297,1
84,89,2
134,169,1
318,128,1
163,287,2
311,166,1
274,122,1
92,262,2
239,321,1
24,310,1
301,73,1
173,320,1
23,124,1
116,90,2
280,154,1
40,3,1
219,106,2
275,2,1
318,3,1
66,274,1
123,178,2
141,168,1
254,94,1
310,264,1
181,231,1
108,203,2
280,288,1
148,182,2
147,231,1
177,61,2
97,79,2
144,237,2
70,19,1
138,236,2
219,125,2
124,63,2
288,116,1
179,59,2
231,219,1
35,56,1
116,47,2
58,126,1
48,276,1
250,186,1
320,288,1
190,104,1
121,184,2
252,228,1
140,7,1
50,223,1
299,89,1
129,50,1
274,276,1
30,236,1
95,269,2
173,24,1
302,289,1
244,42,1
241,221,1
140,75,2
78,107,2
84,14,1
44,260,1
53,137,1
169,166,1
214,310,1
241,117,2
19,314,1
16,321,1
19,66,1
6,71,1
14,220,1
136,145,2
301,79,1
71,293,1
38,210,1
160,187,2
254,80,1
29,147,1
45,131,1
65,50,1
32,228,1
154,307,1
264,307,1
211,11,1
296,234,1
218,175,1
244,64,1
61,243,1
186,161,2
93,37,1
238,138,2
300,303,1
153,294,1
22,230,1
115,236,1
54,185,1
254,212,1
30,20,1
94,307,1
17,193,1
125,268,2
296,33,1
147,147,2
46,225,1
256,287,1
50,284,1
38,106,1
56,21,1
69,130,2
73,5,1
1,90,1
180,204,2
73,210,2
296,300,1
9,272,1
301,202,1
7,249,1
155,99,2
156,302,1
118,82,2
33,135,1
254,89,1
69,188,2
213,110,2
260,166,1
73,277,2
48,158,1
221,182,1
93,159,2
156,154,2
77,106,2
286,200,1
61,108,1
287,191,1
256,48,1
156,197,2
192,270,2
15,141,1
41,93,1
147,110,2
274,91,1
77,293,1
97,107,2
96,150,2
159,213,2
154,209,2
8,292,1
236,233,2
315,88,1
36,91,1
261,266,1
128,250,1
16,210,1
276,100,1
79,220,2
276,246,1
232,141,2
163,40,2
109,78,2
71,306,1
105,136,2
209,143,2
231,257,2
33,193,1
236,117,2
275,213,1
253,206,1
216,43,1
306,73,1
246,85,1
190,130,2
31,94,1
218,120,2
199,172,1
162,205,2
54,200,1
246,313,1
17,97,1
86,97,2
280,43,1
143,78,2
111,130,2
281,313,1
177,191,2
243,98,1
109,158,2
106,129,2
215,203,1
172,37,1
158,189,2
147,212,2
58,295,1
18,250,1
21,15,1
132,16,1
23,40,1
6,299,1
275,108,1
130,199,1
167,287,2
300,37,1
131,55,1
204,171,1
120,216,2
274,7,1
9,273,1
190,183,2
185,235,2
144,107,2
3,192,1
139,157,2
267,196,1
127,60,2
248,265,2
221,71,1
301,54,1
291,160,1
60,202,1
265,166,1
179,141,2
271,235,1
12,91,1
136,201,2
18,279,1
143,257,2
285,89,1
39,20,1
227,155,2
105,176,2
54,93,1
240,131,2
140,45,2
136,137,2
215,239,2
304,225,1
189,109,2
250,285,2
160,299,1
191,191,2
203,224,1
183,296,1
70,43,1
186,171,2
249,26,1
98,205,2
166,214,2
26,197,1
172,67,2
256,252,2
211,9,1
261,32,1
318,189,1
150,245,2
312,2,1
183,147,2
274,75,1
64,231,1
199,317,1
221,219,1
257,103,1
285,147,1
131,151,1
140,134,2
70,243,1
193,111,1
36,43,1
82,166,1
294,287,1
58,306,1
254,118,2
227,210,1
221,180,1
275,279,1
282,2,1
125,71,2
73,227,2
219,132,2
72,168,1
191,280,2
246,3,1
170,123,2
8,291,1
90,208,2
67,312,1
257,174,1
59,171,1
11,273,1
173,257,2
59,70,1
284,270,1
139,277,2
188,71,2
319,120,1
158,26,1
177,48,2
134,239,2
24,10,1
107,310,1
18,283,1
208,184,1
261,127,1
300,103,1
48,172,1
269,134,1
138,78,2
287,120,1
289,20,1
25,60,1
289,122,1
204,42,1
307,68,1
136,72,2
210,192,1
302,235,1
21,197,1
274,272,1
274,110,1
38,47,1
121,80,2
308,179,1
163,151,2
213,8,1
15,302,1
273,24,1
122,323,1
197,257,2
160,66,2
43,55,1
323,113,1
109,28,1
235,178,1
39,147,1
29,91,1
251,242,2
197,158,1
276,27,1
242,219,1
46,5,1
183,18,1
260,212,1
122,192,2
275,199,1
225,207,1
199,50,1
268,59,1
137,98,2
58,11,1
2,316,1
300,302,1
209,232,1
240,142,2
64,134,1
247,14,1
201,315,1
311,274,1
75,212,2
286,155,1
111,279,2
171,175,2
112,63,2
205,204,1
185,308,1
131,207,1
246,278,2
266,254,1
122,5,1
19,162,1
214,143,2
187,97,2
151,107,2
297,288,1
70,296,1
186,189,2
65,252,1
22,144,1
147,117,2
232,86,1
169,33,1
119,319,1
89,137,2
71,56,2
151,280,2
266,34,1
5,293,1
19,24,1
237,197,1
12,172,1
165,92,2
239,308,1
148,69,2
50,155,1
274,221,1
303,261,1
273,1,1
264,240,1
318,30,1
314,170,1
279,225,1
125,94,2
206,103,1
261,237,1
51,275,1
55,149,1
185,268,2
122,125,2
315,295,1
31,17,1
37,282,1
5,73,1
44,43,1
277,52,1
70,133,2
25,287,1
35,13,1
241,321,1
23,203,1
136,99,1
178,116,2
24,181,1
322,165,1
241,158,2
119,149,2
295,50,1
131,122,1
58,267,1
61,307,1
66,250,1
296,74,1
222,8,1
113,286,2
62,21,1
245,289,2
309,233,1
68,286,1
268,296,1
309,37,1
102,261,2
255,235,1
98,6,1
11,5,1
67,263,1
28,225,1
117,159,2
149,200,2
140,130,2
216,305,1
59,299,1
182,84,2
208,196,1
271,117,1
183,275,2
304,58,1
81,292,1
147,95,2
29,88,1
314,56,1
247,194,1
243,285,2
199,264,2
314,55,1
220,121,2
229,50,1
58,102,1
65,270,1
37,31,1
148,29,1
13,237,1
260,258,1
160,172,2
158,322,1
208,318,1
226,127,2
76,21,1
29,263,1
60,238,1
183,148,2
124,155,2
50,250,1
13,235,1
309,39,1
93,227,2
73,89,2
135,284,2
46,115,1
221,104,1
61,145,1
217,96,1
124,192,2
247,123,2
315,4,1
193,195,1
140,306,1
319,289,1
184,185,2
47,155,1
93,223,2
116,172,2
47,141,1
35,160,1
113,93,2
159,173,2
128,78,1
91,139,2
78,165,1
99,119,2
270,132,1
306,281,1
104,124,2
6,318,1
210,166,1
282,157,1
224,29,1
12,152,1
288,101,1
135,282,2
102,145,2
84,144,2
182,76,2
232,32,1
161,109,2
47,159,1
117,177,2
14,260,1
213,162,2
106,106,2
61,149,1
15,135,1
224,158,2
294,73,1
178,28,1
221,197,1
233,63,1
126,195,2
54,60,1
88,251,2
277,7,1
28,205,1
60,201,1
136,321,1
49,302,1
68,62,1
151,87,2
195,260,1
213,309,1
88,235,2
153,192,2
104,78,2
156,193,2
138,48,2
24,186,1
25,215,1
169,270,2
303,23,1
311,94,1
89,271,2
97,168,1
158,134,2
305,171,1
233,220,1
323,134,1
272,227,1
266,166,1
200,232,1
166,9,1
18,183,1
229,220,1
152,222,2
39,301,1
66,148,1
108,136,2
258,272,1
300,26,1
236,54,1
288,201,1
55,204,1
145,176,2
259,130,1
322,256,1
242,78,1
227,267,2
60,173,1
261,167,1
174,241,2
239,111,2
225,167,1
36,293,1
28,142,1
280,183,1
293,130,1
74,52,2
234,37,1
254,168,1
292,185,1
141,28,1
172,193,2
188,258,2
284,271,1
98,184,2
151,23,1
32,238,1
10,156,1
143,146,2
154,173,2
283,8,1
249,90,1
291,267,1
58,90,1
307,258,1
30,128,1
226,138,2
58,23,1
170,140,2
27,231,1
195,124,1
21,107,1
284,204,1
289,4,1
115,78,2
129,59,1
319,172,1
294,72,1
206,12,1
151,18,1
3,292,1
177,71,2
141,174,2
207,247,2
268,68,1
153,160,2
305,119,1
112,231,1
154,310,1
79,244,2
50,235,1
150,169,2
41,269,1
5,167,1
204,180,1
204,2,1
169,202,2
68,14,1
61,203,1
51,97,1
320,309,1
10,22,1
66,160,1
27,57,1
103,93,2
278,42,1
52,46,1
151,197,2
242,116,2
157,255,2
236,53,1
108,12,1
24,303,1
71,147,2
254,106,1
234,47,1
53,299,1
107,144,2
154,248,2
243,217,1
187,287,2
227,144,2
298,58,1
212,107,2
109,97,2
111,286,2
6,102,1
7,11,1
136,300,1
244,138,2
322,236,1
43,47,1
82,134,2
171,118,2
252,283,2
215,278,2
217,240,2
279,266,1
15,208,1
174,145,2
249,318,1
261,193,1
176,284,2
317,182,1
105,204,2
79,266,2
220,60,1
252,32,1
87,269,2
310,109,1
22,295,1
207,253,2
104,239,2
202,166,1
122,126,2
69,190,2
132,278,1
8,260,1
68,85,1
113,294,1
255,190,1
150,274,2
276,241,1
57,83,1
165,182,2
322,267,1
84,152,2
104,206,2
180,88,2
198,41,1
200,116,2
298,137,1
84,87,2
191,80,2
119,297,1
251,17,1
178,321,1
119,158,2
154,322,1
171,305,1
210,270,2
127,44,1
300,245,1
202,129,2
243,224,1
157,262,2
322,223,1
263,118,1
215,94,1
220,309,1
13,167,1
30,44,1
221,57,1
65,94,1
73,190,2
138,51,2
242,305,1
154,169,2
128,77,1
98,256,2
204,265,2
82,300,1
96,65,2
298,114,1
93,304,1
223,165,1
18,155,1
55,88,1
206,88,1
309,272,1
150,187,2
169,251,2
180,247,2
210,267,2
24,116,1
55,106,1
15,107,1
11,111,1
97,76,2
250,107,2
203,100,1
87,205,2
112,145,2
77,320,1
75,298,1
57,73,1
216,238,2
302,90,1
254,213,1
15,147,1
142,118,2
211,28,1
88,262,2
77,279,2
89,155,2
119,174,2
128,279,1
32,160,1
246,209,1
212,157,2
238,103,1
268,45,1
247,207,1
220,234,2
98,134,2
141,86,2
146,19,1
317,33,1
282,219,1
107,242,2
279,254,1
200,99,1
216,125,2
166,44,2
108,174,2
56,172,1
156,25,1
232,16,1
178,234,2
211,200,1
35,106,1
276,197,1
93,83,2
305,287,1
16,10,1
260,29,1
217,32,1
256,104,1
128,142,1
27,244,1
195,27,1
28,322,1
267,160,1
204,288,2
67,61,1
196,69,1
208,272,2
48,264,1
241,61,1
274,314,1
270,212,1
281,158,1
8,323,1
153,23,1
204,145,2
80,93,2
136,272,2
292,77,1
131,180,1
130,256,1
130,144,1
2,89,1
31,286,1
56,196,1
98,209,2
208,177,1
110,283,2
117,86,2
49,111,1
49,210,1
267,255,1
179,284,2
76,69,2
306,136,1
15,312,1
173,248,2
298,21,1
9,235,1
214,64,1
32,213,1
312,14,1
18,96,1
227,61,1
307,201,1
169,245,2
119,314,1
92,41,2
237,206,1
148,14,1
132,173,1
199,271,2
226,163,2
250,29,1
223,178,1
116,36,1
11,24,1
308,238,1
68,100,1
114,75,2
139,41,2
139,88,2
200,208,1
91,186,2
110,146,2
135,63,2
226,20,1
2,82,1
243,101,1
116,104,1
58,292,1
273,64,1
236,221,1
203,40,1
168,21,1
270,222,1
222,201,1
301,6,1
281,24,1
270,17,1
225,323,1
213,230,1
260,200,1
165,63,2
226,192,1
208,44,1
171,76,2
306,239,1
227,131,2
83,10,1
188,159,2
225,44,1
285,182,1
149,149,2
74,226,2
198,82,1
93,190,2
255,247,2
138,46,2
192,210,2
218,80,1
53,292,1
209,200,1
253,151,2
275,141,1
11,309,1
135,260,2
193,159,1
160,175,2
279,271,1
242,24,1
134,101,1
163,316,1
20,184,1
12,40,1
27,149,1
219,121,2
222,117,2
219,111,2
234,73,1
124,136,2
83,14,1
138,134,2
274,49,1
166,151,2
36,49,1
46,288,1
144,131,2
147,186,2
48,323,1
45,5,1
38,204,1
1,189,1
30,67,1
230,53,1
172,101,1
268,235,1
308,183,1
52,207,1
3,144,1
4,239,1
107,186,2
48,133,1
263,195,1
29,220,1
227,53,1
88,43,2
2,187,1
23,85,1
223,254,2
41,271,1
96,234,2
52,97,1
117,151,2
243,229,1
158,245,2
277,30,1
312,29,1
213,31,1
188,56,2
130,177,1
311,93,1
243,207,1
69,200,2
233,18,1
50,150,1
238,25,1
178,281,2
161,139,2
291,33,1
101,33,1
26,68,1
270,26,1
228,132,2
294,84,1
275,13,1
73,23,1
7,147,1
266,135,1
38,141,1
29,69,1
140,114,2
214,186,1
126,117,2
119,312,1
139,42,2
123,226,2
3,211,1
206,156,2
300,317,1
237,296,1
188,216,2
142,53,2
273,125,1
20,104,1
169,1,1
7,102,1
237,208,1
94,238,2
101,174,2
298,292,1
90,100,1
51,112,1
4,131,1
205,74,1
193,145,1
67,234,1
159,59,2
209,278,2
307,259,1
216,20,1
87,183,2
274,121,1
275,78,1
79,143,2
134,131,2
228,136,2
116,230,1
154,14,1
75,17,1
95,302,1
156,110,2
244,318,1
32,224,1
284,144,1
32,72,1
46,293,1
248,316,1
315,214,1
61,111,1
138,115,2
20,64,1
130,176,1
95,230,1
77,8,1
78,269,2
153,127,2
281,282,1
51,153,1
202,184,1
251,260,2
113,248,2
312,233,1
168,17,1
98,21,1
284,150,1
4,148,1
177,144,2
162,79,2
182,109,2
126,242,1
218,234,2
208,273,2
57,131,1
78,3,1
8,258,1
305,93,1
112,114,2
319,165,1
41,63,1
72,98,1
210,131,2
174,92,2
17,127,1
202,21,1
161,245,2
270,68,1
137,143,2
46,53,1
303,318,1
293,314,1
225,281,2
57,181,1
224,167,1
5,1,1
174,115,2
69,220,2
212,282,2
277,95,1
205,242,2
201,152,2
122,111,2
258,105,1
88,91,2
286,147,1
249,219,1
279,200,1
292,149,1
47,273,1
247,273,2
67,122,1
131,209,1
167,275,2
82,287,2
269,114,1
189,26,1
24,114,1
238,126,2
262,17,1
271,309,1
34,304,1
252,77,1
190,87,2
285,124,1
249,21,1
277,177,1
80,109,2
111,237,2
144,201,2
187,143,2
64,266,1
179,312,1
109,36,1
174,177,2
13,97,1
240,33,1
54,51,1
50,166,1
37,14,1
187,121,2
185,211,2
91,241,2
141,23,1
117,101,1
23,180,1
175,273,2
206,302,1
296,18,1
148,38,1
27,261,1
232,127,2
208,94,1
139,204,2
56,114,1
219,93,1
235,23,1
88,213,2
286,181,1
248,175,1
226,93,1
4,124,1
205,6,1
36,272,1
294,32,1
115,25,1
20,55,1
188,218,2
65,219,1
111,227,2
58,101,1
227,66,1
306,10,1
87,33,1
166,39,1
120,11,1
129,225,1
152,270,2
261,121,1
268,30,1
216,11,1
125,198,2
48,242,1
161,320,1
35,61,1
111,79,2
245,118,2
37,16,1
7,63,1
174,239,2
37,320,1
90,153,2
281,287,1
203,124,2
34,241,1
217,226,1
35,177,1
139,183,2
163,107,2
200,128,2
47,51,1
30,278,1
50,148,1
11,153,1
213,289,2
13,259,1
189,86,2
3,279,1
229,192,1
287,25,1
266,271,1
297,240,1
29,13,1
8,22,1
121,8,1
131,136,1
225,116,2
40,84,1
70,267,2
118,93,2
238,132,2
35,15,1
18,185,1
86,141,2
10,18,1
314,117,1
56,113,1
145,229,1
133,98,1
294,275,1
96,64,2
311,304,1
46,251,1
224,249,2
249,231,1
94,213,2
16,103,1
197,240,1
142,107,2
136,264,2
155,236,2
236,313,1
249,201,1
23,270,1
36,9,1
160,21,1
73,125,2
122,30,1
201,140,2
262,279,1
56,284,1
94,216,2
48,59,1
141,288,2
148,218,2
175,104,1
221,37,1
174,25,1
48,18,1
303,279,1
266,105,1
37,87,1
294,13,1
240,153,2
189,139,2
288,246,1
150,22,1
200,26,1
240,129,2
181,284,2
259,302,1
62,68,1
230,254,2
122,35,1
321,201,1
72,317,1
151,19,1
300,5,1
196,224,1
25,63,1
285,106,1
114,267,2
306,23,1
299,228,1
208,312,1
292,24,1
31,157,1
251,262,2
116,213,2
79,265,2
249,8,1
173,170,2
95,260,2
194,245,1
8,286,1
247,11,1
137,268,2
123,182,2
5,247,1
196,288,1
86,279,2
119,22,1
50,157,1
213,247,2
302,299,1
252,168,1
257,275,1
142,313,1
122,151,2
288,94,1
15,169,1
291,284,1
103,298,1
41,167,1
219,161,2
322,279,1
323,276,1
247,142,2
294,269,1
65,293,1
160,280,2
54,112,1
50,126,1
238,129,2
45,16,1
121,157,2
168,217,2
310,307,1
106,22,1
261,185,1
318,86,1
242,23,1
49,145,1
210,49,1
124,116,2
57,302,1
85,161,2
317,18,1
143,294,1
93,288,2
183,121,2
117,219,2
189,161,2
233,76,1
198,182,1
292,285,1
221,75,1
263,6,1
228,18,1
92,73,2
200,119,2
101,169,2
67,227,1
240,56,1
164,78,2
118,46,2
289,2,1
12,129,1
173,124,2
284,275,1
91,5,1
28,135,1
191,51,2
290,158,1
27,115,1
24,51,1
249,48,1
3,281,1
321,171,1
164,1,1
26,66,1
130,93,1
66,4,1
81,281,2
21,218,1
48,87,1
178,173,2
155,296,1
77,209,2
292,286,1
118,123,2
156,149,2
231,282,2
299,245,1
57,245,1
110,88,2
228,163,2
104,169,2
210,54,1
273,134,1
262,259,1
57,65,1
75,192,2
149,53,2
194,85,1
280,250,1
122,228,1
74,284,1
323,6,1
289,162,1
59,187,1
117,146,2
172,185,2
125,155,2
288,154,1
95,232,1
127,255,2
63,182,1
313,197,1
195,219,1
104,238,2
316,62,1
90,269,2
47,77,1
273,254,1
72,254,2
17,183,1
241,92,1
4,30,1
214,28,1
294,288,1
129,285,1
90,204,2
294,315,1
120,320,1
202,295,1
229,40,1
235,176,1
76,62,2
203,292,2
317,206,1
146,77,2
253,152,2
70,224,2
107,25,1
228,186,1
295,94,1
142,286,2
213,163,2
233,57,1
81,141,2
44,134,1
251,171,1
45,207,1
99,22,1
283,132,1
39,111,1
60,136,1
286,219,1
137,144,2
302,216,1
7,80,1
67,5,1
7,28,1
306,246,1
31,160,1
164,29,1
138,80,2
268,225,1
29,140,1
316,211,1
20,15,1
316,295,1
78,260,2
88,263,2
46,39,1
161,94,2
177,37,1
104,179,2
285,123,1
70,8,1
82,242,2
298,83,1
307,127,1
229,149,2
54,106,1
264,309,1
292,118,1
57,80,1
300,65,1
110,31,1
281,55,1
269,22,1
265,229,1
199,232,1
85,238,2
25,162,1
142,290,2
216,292,2
161,138,2
169,286,2
161,220,2
174,149,2
116,98,2
160,134,2
169,43,2
45,283,1
138,87,2
30,256,1
137,255,2
204,210,1
86,136,2
322,142,1
63,186,1
318,195,1
263,34,1
56,305,1
170,78,2
126,128,2
239,158,2
36,292,1
201,147,2
182,192,2
130,40,1
227,59,1
266,118,1
114,216,2
17,279,1
318,33,1
183,245,2
71,74,2
7,308,1
255,246,2
48,8,1
70,137,2
41,244,1
131,74,1
37,113,1
261,139,1
240,280,2
129,60,1
11,175,1
208,195,1
175,186,2
290,14,1
113,216,2
315,280,1
190,16,1
313,181,1
226,169,1
38,220,1
59,177,1
254,223,1
166,81,2
259,100,1
51,156,1
172,7,1
228,196,1
257,237,1
298,24,1
258,82,1
75,48,2
175,239,2
295,63,1
194,120,1
288,87,1
154,211,2
16,143,1
80,265,2
170,163,2
287,60,1
94,188,2
244,264,2
75,321,1
261,71,1
30,272,1
39,18,1
160,51,2
46,75,1
277,11,1
125,148,2
184,290,2
124,212,2
99,261,2
165,291,2
162,244,2
1,14,1
71,135,2
145,136,2
258,61,1
289,13,1
118,118,2
228,192,1
172,31,1
266,242,1
264,10,1
187,100,1
301,222,1
232,150,2
48,118,1
10,271,1
69,12,1
102,120,2
82,55,2
93,201,2
165,82,2
49,89,1
51,186,1
113,178,2
270,3,1
261,293,1
12,113,1
196,304,1
59,117,1
270,174,1
192,173,1
30,301,1
190,202,2
163,142,2
124,302,1
152,313,1
217,44,1
286,43,1
296,208,1
302,48,1
99,139,2
44,303,1
229,95,1
208,36,1
270,240,1
263,92,1
198,283,2
3,193,1
225,238,2
11,169,1
146,245,2
108,100,1
271,272,1
25,70,1
199,103,1
240,220,1
68,157,1
291,24,1
20,75,1
65,84,1
232,51,1
208,83,1
13,239,1
107,225,2
79,303,1
269,161,1
127,21,1
129,301,1
304,215,1
203,95,1
161,100,1
5,31,1
11,112,1
54,278,1
188,39,1
304,157,1
207,232,1
248,157,2
323,83,1
14,298,1
13,69,1
62,182,1
77,250,2
231,217,1
137,179,2
15,199,1
92,188,2
4,75,1
152,198,2
234,66,1
244,290,2
245,115,2
248,104,1
56,168,1
133,262,2
180,195,2
200,253,2
123,244,1
231,246,2
306,182,1
160,291,2
87,16,1
182,67,2
221,10,1
184,55,2
61,223,1
16,181,1
33,129,1
293,50,1
123,302,1
241,241,2
79,296,1
256,201,1
269,275,1
32,6,1
227,72,1
270,280,1
137,72,2
87,124,2
160,93,2
167,46,2
307,240,1
308,58,1
37,200,1
280,141,1
107,85,2
123,114,2
104,285,2
174,196,2
137,321,1
322,296,1
156,94,2
17,46,1
253,90,1
157,104,1
50,234,1
247,51,1
23,253,1
221,81,1
322,149,1
48,171,1
56,88,1
256,243,2
121,143,2
146,7,1
184,36,1
109,21,1
14,243,1
285,283,1
82,218,2
211,197,1
262,45,1
284,115,1
22,186,1
21,249,1
28,191,1
52,237,1
298,72,1
4,299,1
202,249,2
144,90,2
166,68,2
180,44,2
244,41,1
252,156,2
226,92,1
41,56,1
62,129,1
148,148,2
45,186,1
291,271,1
186,109,2
63,139,1
253,25,1
153,318,1
131,172,1
127,239,1
187,162,2
119,291,1
311,73,1
85,101,1
72,95,2
181,160,2
52,109,1
219,129,2
288,19,1
64,166,1
203,260,2
227,85,1
313,10,1
20,74,1
257,306,1
210,56,1
117,11,1
121,122,2
170,185,2
305,295,1
199,8,1
130,214,1
60,279,1
50,262,1
156,163,2
211,42,1
223,193,1
120,112,2
127,103,1
299,88,1
292,236,1
169,143,2
302,271,1
211,169,1
291,256,1
115,292,1
13,270,1
100,308,1
320,316,1
170,308,1
131,127,1
251,299,1
271,162,1
61,168,1
231,15,1
314,223,1
36,102,1
55,129,1
299,111,1
229,301,1
71,242,1
57,221,1
245,223,1
275,294,1
203,79,1
178,221,2
58,118,1
149,234,2
138,172,2
284,224,1
214,249,2
204,97,1
73,153,2
130,73,1
147,52,2
235,193,1
126,153,2
49,289,1
286,149,1
315,97,1
46,57,1
26,258,1
140,23,1
153,157,2
207,264,2
195,249,1
177,238,2
42,199,1
52,44,1
250,94,1
68,163,1
318,62,1
21,57,1
290,215,1
156,208,2
94,123,2
194,208,1
192,145,2
308,156,1
201,34,1
124,25,1
221,172,1
292,272,1
288,63,1
76,51,2
281,69,1
87,20,1
216,66,1
313,267,1
71,131,2
91,70,2
151,248,2
84,296,1
222,133,2
77,61,2
77,259,2
295,62,1
77,6,1
108,277,2
284,295,1
160,68,2
271,28,1
207,297,1
157,179,2
85,49,2
10,213,1
79,62,2
108,159,2
248,189,1
310,269,1
255,111,2
33,14,1
273,41,1
317,303,1
39,109,1
74,103,1
141,143,2
302,255,1
152,149,2
180,56,2
116,205,2
310,321,1
121,255,2
70,142,2
159,15,1
293,226,1
254,147,2
291,270,1
100,249,2
215,18,1
13,282,1
213,127,2
121,167,1
139,123,2
103,83,2
225,105,2
276,12,1
225,81,1
69,165,1
56,188,1
121,187,2
230,3,1
111,69,2
14,174,1
316,281,1
180,115,2
316,95,1
203,251,2
173,102,1
229,135,2
202,118,2
82,109,2
25,182,1
22,114,1
158,118,2
24,58,1
232,294,1
86,316,1
282,232,1
185,229,1
157,96,2
168,310,1
133,279,2
110,280,2
246,88,1
28,206,1
303,187,1
200,20,1
58,47,1
37,36,1
22,246,1
71,82,2
48,315,1
304,56,1
221,285,2
181,187,2
147,312,1
305,121,1
114,207,2
195,57,1
107,37,1
151,250,2
106,12,1
130,66,1
306,104,1
21,299,1
9,127,1
226,188,1
127,263,2
146,294,1
69,273,1
35,83,1
74,306,1
160,250,2
177,151,2
279,300,1
26,273,1
189,208,2
82,4,1
70,74,2
19,233,1
59,80,1
52,124,1
298,93,1
174,46,2
26,247,1
140,277,2
127,200,2
273,208,1
136,80,2
88,35,1
215,313,1
221,94,1
247,116,2
261,133,1
1,320,1
228,134,2
236,265,2
240,51,1
204,244,2
122,297,1
179,299,1
277,245,1
218,128,2
234,18,1
75,51,2
159,315,1
2,49,1
120,94,2
105,296,1
124,12,1
84,7,1
41,254,1
91,287,2
189,316,1
245,120,2
61,214,1
117,122,2
156,314,1
32,290,1
267,76,1
145,312,1
119,166,1
200,56,1
6,115,1
248,105,2
297,60,1
61,139,1
252,281,2
233,291,2
159,36,1
259,122,1
213,202,1
153,171,2
4,183,1
109,102,1
284,67,1
183,263,2
227,271,2
145,294,1
30,61,1
127,254,2
241,30,1
83,273,2
141,175,2
238,47,1
47,268,1
223,235,2
80,289,1
15,295,1
45,105,1
126,204,2
156,175,2
121,99,2
121,24,1
5,144,1
102,276,2
116,237,1
308,313,1
307,89,1
157,161,2
304,280,1
234,202,1
231,254,2
109,37,1
209,298,1
100,133,2
43,238,1
67,90,1
133,84,2
38,248,1
293,16,1
242,284,2
148,316,1
274,178,1
46,226,1
259,102,1
205,240,2
166,20,1
231,31,1
225,61,1
73,106,2
245,85,1
291,110,1
238,41,1
248,80,1
31,220,1
249,188,1
46,176,1
237,260,2
123,282,1
80,222,2
35,162,1
218,68,1
241,299,1
217,14,1
281,318,1
235,132,2
288,132,1
120,123,2
300,311,1
240,186,1
105,81,2
145,227,2
221,25,1
121,282,2
286,88,1
156,174,2
247,36,1
120,170,2
62,156,1
267,316,1
82,172,2
227,20,1
14,286,1
131,131,1
70,44,2
304,80,1
175,183,2
60,133,1
255,93,1
35,235,1
307,96,1
71,166,1
49,55,1
40,75,1
229,186,1
194,121,1
322,218,1
94,300,1
184,1,1
101,218,2
291,277,1
306,304,1
233,269,2
28,97,1
256,114,2
155,6,1
62,42,1
274,51,1
66,231,1
115,17,1
267,281,1
106,297,1
317,314,1
275,293,1
25,314,1
79,64,2
153,184,2
5,136,1
270,257,1
94,164,2
236,124,2
298,291,1
166,225,2
267,141,1
189,89,2
195,35,1
206,322,1
214,181,1
166,247,2
215,140,2
132,12,1
64,221,1
243,4,1
194,40,1
100,320,1
123,81,2
240,250,2
73,100,1
307,205,1
240,45,1
36,137,1
302,316,1
125,58,2
209,160,2
126,224,2
183,215,2
25,9,1
101,166,1
96,274,2
113,85,2
6,101,1
287,36,1
61,66,1
303,61,1
272,251,1
261,141,1
294,11,1
189,282,2
223,16,1
270,138,1
72,292,1
291,27,1
153,168,1
204,177,1
150,100,1
205,223,1
297,43,1
319,124,1
58,22,1
64,247,1
99,23,1
300,197,1
183,177,2
94,89,2
148,250,2
107,313,1
146,194,2
155,305,1
69,151,2
182,149,2
221,66,1
172,123,2
213,6,1
253,18,1
41,71,1
88,18,1
112,289,2
101,18,1
16,272,1
11,152,1
212,262,2
311,243,1
241,152,2
130,171,1
26,289,1
158,290,2
145,247,2
294,63,1
191,72,2
21,250,1
298,192,1
213,17,1
138,109,2
273,273,1
306,30,1
169,92,2
264,74,1
46,194,1
157,199,2
179,159,2
80,199,2
300,105,1
173,262,2
138,319,1
279,216,1
149,313,1
28,96,1
301,277,1
255,253,2
