155541643976.855470,-674135949359.390620,-5904511259.097351,-274471406796.074220,137498658609.016110,14572167695.472656,167866533035.609370,1
150588725338.836180,-636135261279.796870,-5692016595.980164,-350727183574.445310,133191639980.683230,41625134864.562500,11366803487.156250,1
150840136334.835630,-616317980539.953120,-5541035270.374756,-376011015119.101560,133703084620.137820,59623966578.562500,-80200338118.515625,1
145940685473.585390,-262422845414.781250,-5406122015.586243,-332104010926.226560,129680782066.908870,147861678664.464840,3057581945.781250,1
141179050355.142640,-238464597808.906250,-5059065107.811340,-282532042013.406250,126208110338.752500,148213861194.488280,68952573518.656250,1
140427636036.901860,-240524358863.937500,-4729624966.529724,-283253874937.589840,126326138517.363220,149910357437.835940,90077053528.906250,1
135931485560.018740,-278427021163.031250,-4460843159.263428,-262929641905.632810,122623583906.006290,142044583899.183590,107881776375.281250,1
131046732485.627380,-360287666076.328120,-4206563631.288452,-250327730637.687500,118548312299.945160,139410096144.496090,103690170027.218750,1
121893990058.598720,-465767623585.062500,-3936425329.544128,-247337098110.011720,110762213599.905090,117371333959.773440,80826545258.093750,1
117606143959.552400,-509099501642.343750,-3419036222.233734,-179825042886.312500,107531700975.313900,88097755710.521484,264270094143.468750,1
113497608018.061830,-552508902164.218750,-3050834460.633087,-178991302029.800780,104704422037.226650,78603791407.691406,250307848903.687500,1
109587815626.842860,-578281381566.125000,-2689926516.141815,-157708922077.527340,101959451287.745820,75975180766.326172,299009841329.796870,1
110042378989.318760,-585915802561.718750,-2463435818.010712,-199470607212.474610,103126714164.701780,84735209885.269531,228623511981.656250,1
101701240729.741640,-570354844815.390620,-2332031275.100067,-177319792711.171870,95640931256.780029,82472550548.742187,273808149852.609370,1
98287067603.543762,-505710247980.015620,-2118031806.888794,-230133156344.033200,93166623430.570831,93211627560.306641,118076417033.750000,1
90567264399.076508,-466395285898.351560,-1790979842.616211,-212186714451.382810,86210269299.688477,102984485655.587890,146050809945.398440,1
87884289270.291931,-421954757337.375000,-1488459589.791565,-210493559482.550780,84226628033.249146,106265125023.943360,179564053258.085940,1
84549400560.481049,-335613019597.195310,-1208721493.390259,-207802267988.304690,81378530453.772095,124194809922.439450,223268618051.921870,1
85578211252.019897,-286504902748.812500,-1029199506.394806,-254087728601.773440,83050481300.914337,141644960271.771480,134736858195.304690,1
83097186567.091461,-264989326720.960940,-1046178068.108337,-231706787227.332030,80992542222.857025,153922459920.281250,215679912553.117190,1
125294065463.070430,-283734208141.546870,-4176939424.042358,-277797579533.832030,117354244074.270780,310947696477.789060,345056226121.062500,1
133226335919.473720,-268558273544.187500,-4366458596.112305,-349362032550.906250,122406372605.713750,314950228152.207030,314954644008.531250,1
181510510670.570680,-810514925577.000000,-1073726941.902771,-328012249716.167970,166797887462.170230,13056194660.160156,632011785474.562500,1
146054919585.284670,-264608417362.921870,-4033562137.430908,-356417870534.363280,129229945266.131900,188889244800.656250,569482935624.312500,1
150676040022.304570,-214611308656.406250,-3793352651.227356,-340708624732.226560,131611764400.555050,141542074121.476560,666217346845.750000,1
155156559785.307740,-399143958103.171870,-3619829268.493103,-411063830678.957030,134329389611.984500,82118748100.054687,551390700567.578120,1
154182607988.925290,-385258451684.937500,-3514190208.468384,-373018539044.910160,131681069817.092040,31448390550.843750,669500687417.859370,1
159483297253.199580,-284995510813.281250,-3565683561.607544,-431967673416.433590,135484144880.261960,20446201985.976562,622015555158.062500,1
164867276189.592220,-190285346790.578120,-3648549126.769836,-482747405924.265620,139984855853.600590,24273931168.050781,568796276891.875000,1
164538281803.575130,-69590241230.453125,-3499150809.627258,-388372765102.023440,139530019222.000000,3523833479.179688,711541287641.015620,1
164558757733.564940,2194206482.734375,-3412495690.661072,-408730375254.812500,138856456650.953980,8997343581.738281,664825905154.859370,1
164358346200.813230,38208530715.453125,-3366913891.766480,-434962864613.699220,138197810129.476930,7471068192.824219,608782700782.375000,1
164258505038.711490,9066375240.203125,-3421051303.411865,-453769027601.203120,137785840449.491210,9870069608.167969,578565686923.359370,1
164562010755.869450,55110156011.062500,-3364939810.916382,-450163327317.429690,137770401218.794190,6561183620.218750,594533594596.140620,1
164726722061.346250,-33466728127.156250,-3113506915.419067,-461530976827.453120,137928484174.446960,-29789805591.453125,591871251358.781250,1
159505347123.434270,-158909535589.515620,-2987174223.606140,-446566116902.359370,133704578372.041320,-62885720112.984375,566836655426.390620,1
159795532409.009030,-221943669900.046870,-2627945826.463806,-425056944248.535160,135323088419.832950,-100423735816.257810,597178022767.265620,1
154624844409.432130,-309400685989.578120,-2311689883.918518,-310878574735.832030,131085097889.250310,-149251663119.066410,812937425918.906250,1
155095569313.275510,-335610268034.375000,-2210517471.161682,-322636936559.792970,132397675102.026180,-160407030222.976560,772636006896.843750,1
150276506514.058590,-302493964687.093750,-2149908420.976502,-387846536720.574220,128403684317.331360,-123601823936.273440,625785279511.156250,1
145413892748.669190,-143514556649.218750,-2016042650.709839,-378493668540.953120,124423139664.788700,-76639419183.812500,618746196802.046870,1
140705669355.213810,-77659686727.703125,-1870267751.301514,-347541445355.804690,120878335848.446900,-66596809459.417969,636383216703.390620,1
141352069665.400760,10927617486.859375,-1993081788.882385,-353769056226.542970,122299983369.468350,-43147336931.316406,629243308246.187500,1
132140446967.147000,16092265298.968750,-1766249976.212524,-338290782940.359370,114233448718.907620,-38903786084.291016,593603518123.562500,1
128359203527.169560,89702974126.203125,-1634214516.277130,-317008120990.101560,111395057578.258270,-37110885758.142578,603954643656.078120,1
124738378133.682620,165962190451.921870,-1551735331.072601,-355812967283.183590,108865256710.822200,-20530713295.560547,478323538571.609370,1
121418342200.807590,172227692714.640620,-1387217393.106171,-317805270339.296870,106349123307.102720,-22781597936.917969,545962508180.125000,1
118054641362.532560,153927460158.609370,-1262068991.675110,-372559011895.324220,103999171325.057010,-19191231482.476562,399127033826.625000,1
119287227017.800350,173939723047.765620,-1154003880.338806,-313396496466.339840,105783037366.031890,-4225073700.251953,491048978749.859370,1
116335108790.198970,211050859567.593750,-1166018838.109070,-237039751737.892580,103603932715.822240,11341924669.570312,601316286429.812500,1
109243190913.349950,227826842091.875000,-1118796238.672394,-248800321223.888670,97527834723.810547,16688088726.781250,485013629231.171870,1
51076971169.202316,-251396401449.726560,2102629172.922073,-9152730985.582031,50779121574.549133,179669014947.497070,310397109719.765620,1
54502737480.917984,-224610664516.625000,2068191438.147217,-27108970071.237305,53941041537.363739,201012743156.824220,242284103149.339840,1
58065849795.694656,-305252346053.570310,2012478270.516830,-20171357761.258789,57188593670.081573,193895068259.139650,279784980609.976560,1
61866718421.424835,-298826791015.554690,1926641599.121841,-30476918020.966797,60613448638.912384,202438205660.896480,253560978019.843750,1
69131187691.328125,-286598374987.679690,1948623787.824066,-42741618566.759766,67260386757.974152,207801150236.746090,254174451046.101560,1
73484503149.094391,-434228182471.031250,2078371637.623169,-65738343547.146484,71031185084.388611,170633250123.152340,260787628343.148440,1
78002947527.646942,-426380546561.734370,2128294034.018646,-68319159711.226562,75109296431.480957,183773009524.187500,274741305160.250000,1
82703853659.674683,-372515465902.054690,2137618786.848908,-8657522624.685547,79224237706.296570,210991598818.755860,440196154041.015620,1
87691016437.595917,-438372603932.601560,2114956680.695435,-1792798248.673828,83683992532.543762,194552378670.341800,512428222140.875000,1
93040392356.376892,-317552387621.882810,2039383995.633850,-14385470448.234375,88441975419.343781,223227891485.654300,531303812326.398440,1
98662056543.559906,-213178272054.953120,1841956500.718079,-40760507503.298828,93477987068.271759,251689807901.509770,498628731773.148440,1
104674580497.522890,-297040844598.484370,1638793734.637848,-72785831577.947266,99037763903.732269,224639069072.787110,477766509401.187500,1
106644890276.975860,-161631195543.484370,1476595628.001526,-71389464015.583984,100392344354.260590,257433721889.599610,530574670565.953120,1
152933380296.543950,34527629556.000000,-178725987.836548,-120945771505.804690,142683073603.715330,300661590236.027340,764012972163.578120,1
156647368105.474180,86924773173.453125,-591791908.799866,-116833349747.937500,145406990357.910160,303536091323.628910,832851991196.265620,1
159913927500.221800,122881253448.984370,-947013543.355347,-97915615880.246094,148307526792.884520,298949374362.375000,972159036526.625000,1
114541822762.534940,739251708979.859370,1395390835.081055,-152799668384.578120,110492090095.868410,200030487023.781250,61073734788.796875,1
114381561851.166380,676813004354.281250,1261128605.675873,-169494309245.705080,109242338776.348050,197722109830.539060,91246412803.218750,1
114421551322.566310,586347044733.656250,1113219901.233002,-203945012254.601560,108440482897.862950,181490668346.273440,62859414258.515625,1
118526565175.751040,503988914672.765620,971046856.688385,-172966007248.751950,111658033357.695220,177291057163.705080,204777107163.250000,1
114083271324.660580,568816770665.031250,854984249.585022,-182299368760.974610,106221666742.397610,195014505530.212890,191836488155.593750,1
113925638043.005130,525433805301.656250,863912165.638580,-138000716664.316410,104835887531.993260,177925936714.892580,286098716104.906250,1
117967927333.506710,510316349170.187500,949504964.697906,-185685850376.332030,108260296314.055790,153019178808.851560,196520946688.500000,1
117366510105.679840,472139270190.890620,1123169720.910278,-209651211696.828120,106738705590.724790,124312393484.847660,114396973904.890620,1
117843455179.570430,450221793079.687500,1137245973.938782,-186224633160.292970,106116514098.266600,96877033804.486328,154150248316.062500,1
121889790154.270290,478632632491.921870,1262841026.786804,-239282559397.742190,108720646401.105440,85601867384.888672,73689829991.171875,1
121579736916.257480,427246895939.875000,1205002606.244507,-216700561915.875000,107024850064.088500,64488852985.740234,146055917563.640620,1
125890619908.416720,517301491049.312500,1313848019.459290,-253453970202.632810,110374222935.503360,78518395897.265625,88515013549.109375,1
121269982693.738490,492986991911.968750,1279241855.088440,-257838481942.355470,105022073434.220370,69542793688.078125,102889740503.109370,1
121588401056.428620,526684276075.062500,1197917588.471619,-203168675854.675780,104653861636.624080,77361621470.316406,219934488059.031250,1
126018827183.347930,556022969564.828120,1174890078.985748,-209476656056.304690,108477321213.543330,78391512274.294922,231553888507.765620,1
121881593983.141570,548754350896.187500,1264428532.040772,-198970868195.894530,103886011188.883850,62307029396.658203,243865414564.875000,1
118120622514.955780,249372717750.453120,1256319704.799835,-176741434398.460940,99831045475.889008,-6364703181.982422,276248307200.984370,1
118647517151.090390,206850589845.578120,1314246036.345001,-166165335217.652340,99870589282.195862,-25553996339.814453,275523405406.046870,1
115005308493.688600,197390607737.890620,1418772013.544251,-218992773655.927730,96135486813.042786,-34459475190.347656,156072346560.234370,1
115874108341.782500,246498916369.718750,1800517710.695953,-281503274626.648440,99094306196.855042,-74487019873.621094,374687061190.343750,1
113980380845.718720,319839314275.062500,1941774193.174408,-332603471156.986330,96571813459.561340,-71078175244.199219,262822222803.906250,1
116526797435.299410,189524817373.687500,1975318597.585968,-384913793133.740230,98308330119.924011,-108315196854.285160,188360869526.968750,1
119350070126.760440,317229547133.828120,2010977134.531555,-347526139274.644530,100298513967.821290,-88227502234.302734,294030683981.781250,1
117726347389.833070,447516084952.078120,2185034227.618134,-354580710558.126950,98519165643.568848,-64725541715.115234,272288240355.546870,1
120555290707.348240,589850564000.859370,2492941243.895264,-385595291254.402340,100766553968.721530,-39217610976.833984,206040753233.406250,1
128172763940.932530,768906524323.781250,2822560597.069733,-425183022357.804690,107395641311.583740,-7014670729.613281,143253534122.640620,1
126861413530.389590,621448237421.187500,3156465002.739716,-420429610478.128910,105361573820.347990,-35117651343.628906,136284387417.093750,1
125579407285.958470,751694040313.046870,3626654509.193085,-404972794091.578120,103451422186.303280,-16175283973.175781,127324766347.937500,1
128886710072.486850,869839199061.843750,4060708128.619995,-397594291869.261720,105904374249.317960,4679738229.033203,142973915568.546870,1
127464912473.881810,981338849807.000000,4290557024.352112,-371863542066.195310,103999056640.151120,27274413285.380859,188515197308.781250,1
131200473209.697850,1111393118775.156200,4606414497.205078,-360349202351.367190,107147180699.672150,54163383607.294922,223470636564.281250,1
130263738866.928410,1222365024103.421900,4979109753.422272,-315335487396.085940,106208509067.255650,83600283229.470703,296592210531.515620,1
134392108744.907960,1336127845457.062500,5479804846.216950,-407878456715.078120,110330974630.437840,93909122362.275391,145720151362.421870,1
138473196925.493320,1448525617955.828100,5909819363.326477,-430445624063.167970,113995116719.797490,117123260622.394530,119982515977.406250,1
137538049712.400790,1536778236728.078100,6363071344.297974,-405877545097.785160,112947931417.062100,128915132751.095700,149067818836.875000,1
136680574874.748870,1615723054399.796900,6637980854.115753,-367275437747.816410,111938504475.593440,143857348802.400390,220909640862.718750,1
141070570851.250270,1694005733754.171900,6943238336.856262,-370890934865.867190,115524903091.087890,147535667100.816410,247111780850.796870,1
140357312927.662750,1667186282148.062500,7394638021.953156,-327725078126.246090,114343134704.923460,127267914813.236330,325044183439.843750,1
144871628123.792080,1658921598519.453100,7825674866.674072,-405635372501.503910,118659847662.368160,82969043220.429687,220285547128.734370,1
144182494319.232300,1662693111319.265600,8054154712.804199,-347749148519.535160,118114389373.809300,72200264107.949219,322032139404.125000,1
143496758402.209350,1645990122463.671900,8236328377.045105,-296527770267.550780,117814991866.194850,56533983525.730469,393874094096.484370,1
148237769164.608150,1631148407866.375000,8541475334.141663,-392708729437.871090,122744531240.157590,-9648405537.738281,219443323741.906250,1
147737678470.894590,1626093436232.703100,8753745899.285309,-321268757827.109370,122831406104.691830,-48757315013.800781,294632854964.671870,1
147203737808.471370,1663741146729.640600,9110507278.227173,-326613483172.996090,123345189902.079410,-116879507223.058590,219628384160.203120,1
151885298231.501530,1737455374035.937500,9783024065.430359,-327876963457.292970,128985979159.156800,-181880247007.531250,172079014423.281250,1
151208910390.682130,1761399499621.062500,10310821578.416199,-181678461106.660160,129552619840.549800,-200113340088.890620,376565366351.906250,1
150889729397.965450,1752700513681.093700,10773927378.311523,-183730236627.410160,130258954996.283450,-264979435709.789060,332087840536.328120,1
150759446972.946720,1784181588520.015600,11065901987.422852,-200445568818.773440,131084460856.304630,-314812724200.488280,226766024082.703120,1
162630187912.968440,-33630547747.375000,-935143271.662231,-227055197133.230470,151244564669.085820,259203740498.242190,746174216084.734370,1
165740205453.016300,63648383462.593750,-813554278.829956,-320272059117.945310,154139896159.918950,281670713175.910160,551084616416.328120,1
169792723014.973510,-236316655287.484370,-908273044.127625,-373748585370.148440,157658395762.682190,200381927055.804690,414994807266.062500,1
149253795502.432860,1830713863669.140600,10966842136.680420,-39407317901.542969,134066958224.958560,-338147999846.941410,185592968010.578120,1
149134336537.925350,1677920749524.156200,10584837252.978821,-15583747097.878906,135476523806.294490,-354912505677.519530,194968262521.046870,1
143972958660.385740,1505667056234.609400,10074259436.172058,5893703250.386719,131822226145.227230,-352043256477.363280,154169972838.968750,1
144451723670.132080,1253473849023.906200,9434693655.915527,7756054700.449219,133597410376.773560,-356672550430.679690,98005155637.203125,1
144879426685.935120,1309724531583.359400,8624855042.744507,86007977363.613281,135641091296.823970,-259897167134.078120,129417882459.906250,1
145440791556.468260,1078525048401.453100,7917928793.803711,144725657587.109370,137394657889.707460,-244817396084.335940,243230730434.406250,1
113318399842.548220,-57077180015.781250,1297331177.193817,-69598516681.945312,106318299525.506770,287061211160.001950,593386718511.343750,1
115446864346.690700,-197826087910.562500,1192655027.618835,-85882491159.851562,108072387548.560360,259735233397.734370,600685012651.921870,1
122949760440.375030,-46102464797.093750,1064862148.949402,-127914605038.488280,115570243850.112180,302886240447.343750,546222260804.828120,1
125959599120.018490,-135735883193.281250,928421549.443481,-174916148870.253910,118508675705.476780,266029383251.519530,466626383523.968750,1
134197489701.770080,-232314400422.359370,863224565.510620,-208697799775.421870,126313760038.423160,233630772597.132810,421703472267.546870,1
137198013930.626590,-1052042760.125000,639850894.912231,-136267493473.437500,128870816302.807980,291207667751.628910,616150494540.406250,1
145879952778.692500,-50154921553.718750,308856143.024902,-136297969425.722660,137253916739.407470,268955089008.378910,638661182882.312500,1
149270664307.806950,-223448028232.640620,92011355.985413,-131491110095.511720,140143009487.942200,227851857143.167970,692229185448.531250,1
21777666899.109138,-35688802107.470703,766460713.373428,20937198421.615723,23527028712.340027,80013290868.042969,140053646590.097660,1
23132781904.909996,-41661647716.445312,912960170.997421,24972113401.507324,24624677119.979912,90100140377.154297,177474084062.285160,1
26023543716.701698,-74967430938.839844,1076648469.170807,12842631914.519531,27427969042.630196,93338606260.479004,175762279208.972660,1
29406173744.667091,-104911614195.535160,1256865217.114510,15074439551.370605,30560537850.353683,105540716869.760740,234500738306.558590,1
33424385323.382324,-95300193544.257812,1384528102.540802,9422955506.761231,34268434440.412659,126667066811.591310,245106852649.167970,1
35686126622.339081,-141975619776.613280,1537130200.421341,-7624451582.765137,36268610150.386169,127541268286.294920,240096016568.226560,1
40201974877.632004,-139105383288.703120,1695826837.742828,3742097036.759766,40514199740.254486,151349614901.883790,305821882552.613280,1
42734921341.654617,-209205652252.195310,1883085626.233276,-9918015225.090820,42939919526.965210,144967987556.633790,307936130280.847660,1
45586895308.003708,-198741976400.039060,1997734588.083130,-17281210233.228516,45505744632.150299,165832886203.904300,277653261356.753910,1
175174982345.481630,-539709241200.375000,-1000518277.050293,-278196744951.925780,161776701347.012390,108776234375.457030,690217475961.015620,1
126010852109.177580,117298640851.828120,1498402043.611206,-766126767570.953120,126346468220.805730,-53009372505.898437,577533425781.921870,2
134077013296.366820,334540129523.046870,1420898051.666138,-815140086112.972660,133331703073.199650,3841935175.035156,530162201093.578120,2
143671111034.540160,129973410235.843750,1475707087.588684,-892025981738.027340,141021494327.199160,-85411168380.687500,389369808239.562500,2
148256067291.084660,66198516762.609375,1665223647.981995,-832686760920.296870,143740855988.320980,-113757475937.648440,640531412839.437500,2
158970779491.901430,33142857104.234375,1695279921.859863,-905999197442.906250,152905935531.137450,-129171141886.656250,582534688145.312500,2
163683501628.369080,20942991977.000000,1727649351.497925,-955526340843.679690,156322208264.844060,-144377053316.531250,546745839789.828120,2
167960579089.636660,10000384497.562500,1982963882.680359,-900984239368.574220,159136979174.616460,-144913054620.957030,835065183846.546870,2
171328380481.333560,154761342782.593750,2028197772.819763,-940135849241.785160,161928614178.380490,-77496167710.886719,865357839667.968750,2
174586573543.121890,507705313049.625000,1971863677.927307,-955226880865.683590,164710484815.488280,54861276933.125000,908613888282.375000,2
178480751787.941350,885378201230.531250,1862167316.919495,-891838235955.761720,167620638110.244750,179533193317.921870,1178162989151.531200,2
183590536725.385010,1011293374419.687500,2006107105.543884,-932562670614.703120,171245448473.531310,197335296445.171870,1095854549470.281200,2
189235471904.903380,918924950101.843750,2514936881.730286,-917479777856.128910,174865709586.847050,154034009329.125000,1186788746138.343700,2
287900906579.887390,1073558871908.593700,4550145300.980286,-1166707798037.445300,249798703156.614750,240177622108.726560,1393825967613.875000,2
295956376474.723390,1208659634785.906200,4251416244.241333,-1272613585552.421900,256165034933.088750,279202429152.632810,1278467733820.718700,2
304227745432.697140,1302255032609.500000,3814464533.843506,-1373028752950.445300,262844664133.701420,286404624526.031250,1184750078926.687500,2
303291363404.978640,1438217058978.156200,3605481482.370606,-1427073653080.796900,261004667030.491580,288153656219.312500,1070582303769.781200,2
302385556623.105350,1647107601608.250000,3573452073.622681,-1509055513757.484400,259412258040.738400,286327779666.437500,862129216294.125000,2
310865319471.576290,1769751650665.187500,3294428369.121704,-1556423756196.796900,266971651584.218380,288984536266.507810,787769165796.625000,2
309995398417.630620,1911298294777.750000,3035517447.929688,-1495510682511.601600,265633297365.436650,310162891802.687500,893677735877.750000,2
309407011236.696530,2174393293767.406200,2981714580.295288,-1453789034241.093700,264687401140.702390,335245797174.734370,958691992257.875000,2
309151266070.850950,2333800403340.031200,2949331960.199463,-1426829803271.632800,264215381712.998540,353485930022.554690,1026160167846.718700,2
318703715052.781250,1709889086117.375000,2760052627.227783,-1379100158645.671900,273431741015.062500,222095620363.531250,1188195340216.093700,2
318486141030.062010,1884773941793.937500,2606919160.642334,-1341800996897.554700,273462086461.710080,231462979116.718750,1239966078839.375000,2
318831246365.873170,2067559060772.562500,2387893698.558594,-1362969792672.289100,273617533805.147090,242685364178.757810,1166291161294.593700,2
319818710621.488040,2209569547566.500000,1928498391.388428,-1302348595812.960900,275212983395.223390,257683810333.671870,1236089801167.406200,2
320936405041.834720,2288381807966.375000,1483625773.468628,-1235723562536.250000,277324659121.946170,253950245518.671870,1319920900429.156200,2
321679415409.564450,2427686560961.125000,1100611880.221436,-1234214624084.117200,278972776202.344360,269651227627.289060,1268016399081.187500,2
313359286801.994020,2437703433133.187500,721932519.286499,-1193624270682.835900,271840105405.657470,264831635836.210940,1274858463042.906200,2
305431107307.452760,2384080329890.437500,393252315.246948,-1140518679002.507800,265147930057.569700,232357857120.445310,1342601975833.968700,2
306945759303.598510,2365491670251.156200,244594279.464355,-1105732390660.796900,267728541621.688480,214591057989.539060,1339781894083.250000,2
299503756520.532100,2411733550013.781200,138019510.645996,-1124215955299.015600,261373730103.760250,214441474940.703120,1169013880119.750000,2
292647490565.082340,2496121867934.312500,226785154.937988,-1099035217556.046900,256762038075.858890,212549438032.703120,1058522655456.593700,2
53626312723.863266,-122442276297.449220,2033761182.910431,-19040379265.811523,44503521117.627777,-27023628197.870117,96222223722.933594,2
59089664770.252670,-161656199260.906250,2285948099.994476,-29906005383.079102,49337157081.364120,-36088893964.905273,112942955964.074220,2
65057499646.059586,-178069113933.976560,2554275471.867645,-37732944251.015625,54689700616.265442,-43680631287.959961,139467991035.000000,2
96540294731.284851,541863923685.734370,4773525935.553070,-7927087299.181641,100755467300.169100,-161372787401.238280,664822023998.000000,2
149477899660.632390,516277022303.562500,7697644048.048889,-210500990806.410160,135314348828.811830,-178803187532.425780,226825053986.171870,2
153671844520.787050,463283955111.156250,8112165348.112793,-135815572976.324220,138160620175.279420,-165755683845.179690,385206472869.484370,2
163839780952.330440,322310010736.437500,8733903781.513794,-228389306632.898440,147179910107.020870,-224515424075.300780,213549609835.468750,2
168364058712.411320,245313744589.078120,9271840235.468506,-318711300991.250000,150614094326.286380,-265040743148.632810,49457276031.406250,2
172904289554.852110,288958103083.125000,9712581190.038330,-253590797956.742190,153853703837.719420,-239351789658.867190,221727776681.781250,2
177622030933.344910,420822480038.125000,10278716784.396790,-312183388149.617190,157453098703.638060,-234047000288.742190,105839337830.031250,2
176556628125.829830,604250682580.406250,10852783115.892151,-356865865264.203120,155411753248.922360,-221688373250.660160,-11070338540.437500,2
181559260998.218750,824517892669.843750,11386845988.453003,-276472267579.597660,159265570102.495610,-150529284128.746090,96703527044.859375,2
180291153250.141910,1014341470254.656200,11891589154.267334,-302807581809.835940,157052330569.784970,-123366050856.773440,-61229521559.937500,2
185635758172.417720,678164706005.281250,12355391327.197998,-380503164951.871090,161094955554.857360,-199440870456.910160,-159779782690.531250,2
191272779522.326840,750384472068.000000,12780844243.789734,-400315299479.558590,165559748176.746770,-195846798956.062500,-223111067392.562500,2
190693294454.877690,815528561815.968750,13106848571.978699,-394926032351.789060,164137118697.526860,-195967867383.597660,-234250628664.937500,2
196710044094.559450,826996529129.062500,13459528309.610046,-416687692608.093750,169334022795.721250,-205920735181.726560,-268990353334.656250,2
203008507738.450870,802206790935.406250,13754740959.932068,-451705278674.171870,174898620763.382570,-216267035241.308590,-309379471713.531250,2
202675391006.877620,728728027830.468750,13956767287.965759,-429903787484.664060,174107008869.353030,-243699936464.617190,-256686560345.218750,2
202423815332.142820,712180044283.468750,14094193904.442078,-373356717893.015620,173457538240.494750,-257850547431.777340,-148128806240.593750,2
208974324604.329100,751589811850.468750,14361050903.040588,-350332323263.804690,179403348494.838870,-264328480015.859370,-108236891324.093750,2
208785550309.902280,739499416799.156250,14653542077.461365,-306428326603.218750,178577510403.173280,-273836096262.019530,-43238279916.781250,2
208703336781.523620,603397425747.531250,14797316085.634705,-261736692788.578120,178082320853.868100,-284463103279.257810,60305462689.625000,2
215453995504.566040,424279799927.875000,14817341324.341980,-210799120383.968750,184597576461.713320,-289422685550.687500,188175945386.750000,2
215321362171.356510,762745143286.750000,14866242537.118347,-226443459408.218750,184359430490.591370,-250977273820.101560,15760430809.593750,2
215379107896.659360,628425513602.656250,14862283488.676636,-169712106451.375000,183999892404.900330,-256093911781.886720,94281051342.031250,2
215530857489.037600,549212274679.937500,14855990939.880981,-138312861441.054690,183588938072.301570,-258609354832.074220,149660940281.781250,2
215799172908.731510,467901948285.406250,14960925645.259949,-270273211436.164060,183428196093.896790,-328120200536.476560,-81358104363.656250,2
216058036745.810240,374964504549.750000,15031592615.054138,-230174553939.179690,183305019275.284610,-330841487504.882810,-25524230511.062500,2
223520731288.737980,275695888900.468750,14910010258.380920,-178955827797.453120,190421001227.471070,-324185404502.847660,44078942790.031250,2
216908226722.682250,128706989698.406250,14800540902.183289,-283956985356.554690,183739766637.236210,-388095431810.265620,-148307651062.312500,2
224388207528.440060,480969800073.093750,14766489547.137939,-198008933106.773440,191064280819.494020,-300032061318.957030,-81108351210.375000,2
217911915948.260380,395707116193.531250,14688671190.528748,-178564948716.210940,184524539738.502320,-285093207196.410160,-18348716787.812500,2
218500588684.289670,278537502147.031250,14640039836.904236,-166814655097.843750,185043081359.177550,-272470778999.109370,62586787797.312500,2
219289777970.338070,213090590227.750000,14480483426.713318,-315896556123.328120,185729094925.882080,-317696394299.410160,-108122630483.750000,2
219902676377.060850,211727420296.343750,14402854473.018250,-320670538871.835940,186812421103.311650,-294807596134.199220,-55580395672.781250,2
220421611226.276250,208026618637.562500,14345457144.291931,-298667065961.328120,188097908561.800900,-284306307682.464840,-11751432645.062500,2
221059767546.096560,649725185089.312500,14371989955.603821,-365882070373.375000,189498818373.247250,-259022467243.589840,-233624613056.937500,2
104100756211.403260,241640558803.921870,6523382112.556335,-60065514750.878906,102232734497.078770,-320358699841.455080,959578925775.828120,2
17131601725.930664,19387360916.815430,652676282.182594,-11010453631.257324,16452242848.332306,22319572813.798828,82306505431.633789,2
17901805322.483887,19615578128.814453,721491643.169151,-15343634257.172119,17450674317.697227,26098274404.824707,87419197762.068359,2
20004697066.497635,21467027600.898437,858716635.629982,-18194696958.443848,19800559166.747932,28311457954.072754,96921486053.798828,2
23802316677.577980,20241892150.207031,1028814216.333290,-21870275866.652832,23743970152.678032,28668469708.548340,106004401619.912110,2
24960465065.904938,14790525367.664062,1170209996.442635,-10120087490.291992,24974199780.592072,31838448317.871094,156854415187.064450,2
26109322694.718536,7638398541.068359,1313776389.863907,-11119775186.517578,26303869631.672272,34342042765.925293,159803991529.468750,2
29079215799.276833,-5063700115.064453,1353371662.015640,-20010680784.276367,29531539907.350639,33601198920.180176,142037167589.058590,2
30528494381.474144,-26527334738.070312,1253301632.738289,-7692951179.284180,31096529833.233559,33904851244.977539,198545698571.351560,2
32224600758.602379,-69044323188.027344,1148857519.037575,-19738692618.773437,32953378981.637756,17791951555.335449,190529155435.976560,2
34015002925.414963,-44062444476.531250,1068891810.472389,-4983056060.282715,34934109822.465149,30383294642.518066,252302736646.269530,2
35954774442.311615,-68999051150.234375,1020870327.948059,-26916287627.058105,37101113249.232910,19483762232.156250,211638021326.347660,2
40620136314.197250,-76244174859.109375,995300335.482056,-20873500118.125977,41614733778.611298,24195200405.766602,262507197323.738280,2
43391712480.016525,-83373835052.460937,929588038.297226,-41989243289.600586,44346799311.035095,27331929500.024414,223176110270.492190,2
46403717167.498962,-113042611971.105470,811945396.508652,-24162799372.067383,47244590510.915131,25471566987.623047,295703345544.722660,2
49542927807.417038,-168363252257.648440,651423266.191803,-46762942812.613281,50264529502.713226,12982467266.875977,220627481332.136720,2
55835968359.448792,-212617312817.023440,568889490.582413,-69391938463.617187,56420613925.090103,3094949016.409180,150817796004.843750,2
59862266546.241455,-237761290241.671870,560408019.770340,-38767976717.269531,60119823601.042572,3404328887.381836,244729127320.515620,2
64263230403.466370,-221554613554.078120,511444743.371994,-57273084225.421875,64056326096.740845,16779969943.417969,199823958890.632810,2
72328095254.037445,-203368509279.531250,454691040.301514,-33187532004.343750,71469135415.673584,35025837584.619141,280603237965.640620,2
77305431772.796570,-203165025095.492190,330854217.861633,-63294458437.740234,75888155957.566071,46312803089.583984,193784067671.640620,2
82604219652.034271,-231170643395.601560,267336501.472931,-86035718148.281250,80533541866.584290,44820468374.605469,124521006367.656250,2
88203593318.015564,-259571062261.539060,175640579.202148,-103741062965.175780,85406549366.147614,37506999050.716797,57601529396.789062,2
94125566610.275574,-252301343094.742190,121539283.975128,-55138689508.316406,90515951858.662506,35434228412.265625,158520089627.359370,2
100463482015.771360,-215588163383.390620,84637005.944366,-77849908342.035156,95943076888.049927,44587958843.898437,67135446494.734375,2
107387777601.929870,-184002874468.203120,71383276.637177,-105142205303.941410,101765846094.630580,58632179636.863281,-29568002390.296875,2
114720085192.011320,-152634591696.937500,91671230.858612,-50731661753.578125,107980081396.040710,73789134871.451172,96420216857.625000,2
127268713325.004640,-80652306855.234375,102096931.984375,-61588866663.136719,119418986421.820530,103181642744.804690,33582126424.046875,2
135560791317.867830,-38063408083.187500,130624926.770294,-83728174608.246094,126489678593.169980,118269673754.003910,-58327329467.421875,2
144342144589.766110,-86639598644.625000,102863469.229858,-111462264024.539060,133676696172.549870,102611995099.472660,-157972268289.937500,2
153546778212.916500,-133189274404.875000,22661652.550171,-119643793952.390620,141303740227.071840,87490632049.406250,-176872160855.984370,2
157546093915.425720,-140791496348.640620,-161236085.989075,-117171184047.804690,143757867117.767150,91563201541.199219,-149037104429.406250,2
167676030351.528870,-135722665379.171870,-199008735.796448,-115135837098.328120,152090537994.070860,95358139482.398437,-173456126801.593750,2
172256360130.744380,-164659898625.921870,-292045763.285584,-19314200161.574219,155055616002.578670,86945905422.593750,6422722605.640625,2
176590933371.885250,-201089081519.062500,-430804302.083374,-49188330556.777344,157718716720.607360,74731378596.398437,-88296016483.578125,2
187443603591.351620,-202288826154.437500,-440656603.619995,-65294124860.312500,167144186907.958370,75729621756.324219,-151222281637.500000,2
192625812128.498350,-165468372928.375000,-410772209.654907,-124023168295.457030,171192626146.298280,91316242620.195312,-286879872504.875000,2
197597723522.979860,-175032123339.593750,-417077388.819519,-202225698809.605470,175347011016.740480,97153817323.574219,-442065859368.843750,2
202398200649.826350,174696742183.437500,-582507733.974915,-147841723245.222660,179293317330.960450,185653808719.773440,-277371354666.968750,2
207549014571.947510,39349504939.875000,-800753605.870911,-254593120349.023440,183042082067.177860,166779268175.460940,-433149697229.093750,2
213287717476.686340,-62708767634.218750,-1193934792.850037,-339981530045.835940,187269420816.748900,150310463321.832030,-556374499651.000000,2
212448821473.158630,-134637342918.093750,-1635403488.930725,-252220441829.937500,185060683438.277650,129634460127.332030,-313640851565.937500,2
218597724200.414670,-241513473466.250000,-1970891505.973206,-310989976632.148440,189786753363.900210,104488209150.808590,-386543900787.406250,2
224907994786.769410,-327789606302.656250,-2299808455.080689,-386809958786.031250,194864521404.404600,91404494724.152344,-504713890540.625000,2
224251882988.287170,-401602705664.093750,-2597656073.431702,-330736643287.601560,192972123654.967470,75827826225.421875,-364119498025.875000,2
230751191386.470700,-470088627227.781250,-2727660280.582275,-473761480098.250000,198088107115.281680,74750660865.167969,-598728173536.031250,2
230005047421.481200,-503107708408.562500,-2862429459.317017,-423734877892.656250,196225386712.887390,72014092387.363281,-405325961458.468750,2
236388699315.069580,-501185280254.437500,-3099115646.281250,-547294166497.523440,201483369964.645140,87555204837.390625,-528459922800.281250,2
242868527973.773560,-380536290194.062500,-3409858150.771973,-505870991474.414060,207039893042.273130,117089301890.101560,-330133040464.906250,2
242366063355.664370,-256507514919.375000,-3598687064.576538,-674568284461.414060,205716894425.178470,160159053852.554690,-552196820215.187500,2
242617180314.990480,-298969933827.187500,-3717988215.336914,-689343253729.382810,205661959424.377810,156839539351.945310,-561913092275.562500,2
242897927148.989140,-278099268722.562500,-3883453270.681702,-695011422079.281250,206234280559.167300,178659894906.554690,-573590141713.437500,2
235693698494.513730,-204005117010.375000,-4025753903.671448,-830128231933.609370,198944692734.461790,225098197377.375000,-768631085721.687500,2
235933461416.706850,-165185089941.500000,-4069142452.111267,-758913693458.890620,198702359627.834230,245342045176.960940,-586007022769.187500,2
235955418407.851990,-151011087677.750000,-4121589900.155945,-861137329410.843750,197946816067.785100,273033542029.324220,-674613260273.000000,2
228635815733.505980,403733416410.062500,-4147527355.908020,-822794987039.898440,190374756856.647770,386559515007.332030,-473173639036.531250,2
221691858734.330630,346477179819.531250,-4161356279.037170,-965720839707.312500,183559321795.169560,405634651175.683590,-602400009385.000000,2
222026586773.898860,348264818009.250000,-4121826868.108826,-910904674922.179690,183925455484.139590,418513532157.539060,-450032564647.125000,2
222375062712.565550,392780045081.125000,-4131653205.339478,-946267921271.585940,183911162732.155880,459082622969.382810,-471133462475.750000,2
223003054260.672300,429021525740.250000,-4141021481.913940,-955700611948.164060,183515357759.441100,475435542267.683590,-456751742889.906250,2
216683830806.257930,404042781610.843750,-4233671599.599976,-777195236543.765620,176137054446.297490,450371634303.082030,-143395215849.031250,2
217092384215.824100,343998888851.031250,-4324999790.441101,-761142491747.304690,175843907609.603880,446226518478.386720,-59498820077.156250,2
217281485848.061580,300895821715.875000,-4517012541.678162,-773121474635.484370,175970346595.839110,451125391373.394530,-311096609.718750,2
87136363460.632202,682069594172.437500,-71538389.025726,-507388987182.767580,79675141660.770691,-198318357789.599610,30139048389.953125,2
84358621569.764526,656745773872.320310,-261538690.093903,-542509221905.875000,77865961603.752319,-185200477439.703120,-82557273578.515625,2
81737868418.402802,666509802408.398440,-467222166.632355,-499229628168.201170,76006726049.306549,-163081393653.972660,812768389.835938,2
79270285326.996948,687570825920.476560,-604188781.015350,-446774602284.990230,74174257276.871429,-143876098862.810550,102640146361.992190,2
73047457431.974823,671707644120.234370,-695851149.623688,-379783235220.119140,68784499888.098053,-132565571971.267580,218714049425.429690,2
74234863289.659607,654914681823.257810,-665384447.499237,-407813092016.335940,70650588838.351898,-117033291976.136720,126363909502.804690,2
68297297788.667755,616068632434.851560,-770154061.886444,-367732716457.779300,65385939780.467850,-105282336534.572270,191096983166.578120,2
66251239195.244293,567095868131.296870,-796010771.098236,-349545898182.896480,63798840228.802567,-98272679686.138672,226270710850.515620,2
61143386851.900833,505472436609.804690,-836690819.560608,-354931972222.802730,59456822151.453140,-91823924903.698242,144359511716.054690,2
59625088352.780746,478611151280.875000,-903645662.266907,-333967138322.466800,58312148696.196793,-87993251965.170898,194358714827.937500,2
58131076673.247192,470376198111.132810,-1038223913.167481,-313689040170.604490,57196576822.147415,-76645127181.410156,238986179322.742190,2
53753493727.207291,462128587790.378910,-1120151719.167633,-314263572172.971680,53378999907.551743,-55169538011.218750,170601624913.984370,2
52518207532.209473,452898228148.105470,-1141196790.291702,-291062058255.292970,52366546057.853500,-51494358945.232422,204988668572.273440,2
51512047754.568146,424809820026.593750,-1139679341.231094,-260292524745.834960,51499889453.319168,-48290239556.217773,250773962174.132810,2
50593960390.837814,382497900138.105470,-1034425063.720108,-274022010476.625980,50746710204.603531,-44653838654.500000,149684795580.285160,2
47146978571.083618,346677961115.226560,-955915699.369354,-254575304858.953120,47293041039.400009,-40663880873.245117,149048774978.332030,2
43961153925.282135,297108129404.804690,-851656937.653854,-228592972180.999020,44102996337.073990,-44089209218.657227,171589459764.343750,2
46176978424.851364,-66976932670.031250,1596467509.480621,-9788276405.654297,38263276696.910049,-22704785468.799805,56413465167.156250,2
50875596370.068985,-87120011203.003906,1794861193.428284,-15526000465.689453,42355933909.744720,-21996810088.308594,75647195698.023437,2
99680162845.010376,472935311066.453120,5875343629.724091,-23735515842.380859,100504858523.081730,-229650463950.355470,898565112932.671870,2
73681236370.692627,-184991068895.007810,2963564099.398071,-64768500561.392578,62013237618.282318,-48248189609.250977,177817445068.359370,2
104052799844.853640,315033392079.531250,7308125413.782288,-59289970311.591797,98977182520.911346,-298809388904.103520,957657768144.781250,2
104050305380.233180,289902651432.218750,6977054338.278778,-70685518529.691406,100586665122.397710,-314141694753.957030,941037394838.218750,2
104125182365.756900,473417049636.734370,6128264847.909515,-15922566971.998047,103763109791.024050,-232489041297.158200,969061187799.250000,2
37309281177.642776,68461530245.867187,-337674410.870041,-49803156762.833008,35087172841.236679,22261718786.283691,101925694407.789060,3
128169386972.505650,160105306049.703120,662257375.616882,-509067617745.136720,113048751890.536590,-7987795186.023438,220300845241.468750,3
131605812145.173490,217003272384.531250,725914364.730957,-581590112671.375000,116263907965.588680,4318189717.517578,151479283915.359370,3
135166479227.819090,187471499829.359370,709788710.578552,-541144665521.871090,119452534833.892700,5811795360.355469,285985088133.968750,3
40157897804.596069,80056481974.324219,-410095803.623444,-58320476077.005859,37486376947.536972,26044745162.913086,88270670238.898437,3
137323360348.936650,246146149836.296870,715334618.616333,-622118452974.679690,121307277261.157710,17142744933.800781,177761888103.406250,3
141390166631.729000,218155083404.078120,466908282.839905,-637802814452.703120,125012985473.573060,10549538408.199219,190134256305.234370,3
145908783091.316350,207080971390.484370,344061624.919006,-625835991197.828120,128900070496.157840,3509714517.406250,231012893045.921870,3
150686310312.872380,216640034011.656250,364921474.825684,-613472083289.527340,132536992588.225770,-9641418106.761719,236689903535.687500,3
161013725864.503480,228937466094.343750,273543791.497131,-632363305328.054690,141519862415.063900,-47105145837.417969,205167810907.578120,3
166431452881.250430,188205464507.843750,135593423.810181,-604190313150.585940,146107116139.822450,-88928533190.359375,256863218053.578120,3
165341928606.492430,156733458418.625000,122099359.575195,-592830224860.898440,144376306500.553470,-119737921413.335940,248617832334.234370,3
170720200429.901310,173801305220.390620,-57241101.926086,-669605878567.574220,149171401246.871700,-137020335228.605470,75553214141.140625,3
170047426220.494870,137340981314.390620,-198914590.279907,-668428685541.023440,148157138023.976810,-164519668463.710940,36477057741.375000,3
175632334576.218320,166314692798.312500,-420153594.032593,-672208613569.371090,152922572931.716980,-168881563280.730470,16709148288.843750,3
175168922452.913020,232038688755.406250,-483987089.920593,-646411063830.886720,152105064975.696840,-143442741345.332030,58757800465.546875,3
180561221253.853390,304049795196.593750,-595413296.126892,-704170863899.667970,157099865113.856810,-105821916267.636720,-91940395711.781250,3
180660991072.977050,332649390234.093750,-668054616.522278,-623932538121.878910,156848172050.381960,-91284583027.691406,-3741063570.078125,3
180506782348.318540,363868123188.062500,-744136886.013184,-618477494909.667970,157164926893.304630,-72977875783.488281,-67217831787.031250,3
186417529549.369870,318014168657.000000,-810192833.052795,-558586514522.007810,162803174419.439090,-78912540613.718750,15461238055.406250,3
186634873908.674680,296803422946.437500,-808400244.413025,-590879310750.109370,162569688517.504390,-80866171580.414062,-69185967365.718750,3
186712064757.459410,547426997732.343750,-581602725.546936,-507270014622.355470,162566033360.938600,-38004462618.839844,34381775555.062500,3
186458976267.474670,450940449631.187500,-457787104.244995,-453499436721.058590,162234336554.863280,-48867401476.875000,88061574905.687500,3
186927861625.049130,316720645607.062500,-491522031.359070,-484167188890.875000,163044723878.990360,-45234820307.285156,-10760000573.156250,3
181598107697.038940,249610099370.000000,-476651342.349365,-435515462009.113280,157777674086.540410,-46389163770.687500,44968029619.234375,3
175900285845.089970,288507689547.625000,-220974250.278442,-388081368378.726560,152504913702.673520,-31940151516.769531,97043064752.265625,3
170854014379.344360,199845780898.468750,-203965298.279724,-322276736996.687500,148292083585.436220,-31545719518.863281,147844892413.062500,3
165876268082.841980,60765450014.781250,-160710239.429260,-269179026484.125000,144422085390.128540,-39576806840.222656,175639374283.578120,3
160630853750.854190,70172490791.343750,-92965207.637573,-331176141971.703120,140082689738.945980,-26507708803.535156,3912921318.828125,3
156079843357.761350,357006121722.609370,-179218772.466064,-294006706494.964840,136425739860.415650,44029617761.851562,12551990636.390625,3
156626207086.603820,310878984348.734370,-159819613.408630,-247429915476.992190,137742695020.446900,39037369430.042969,81659442216.984375,3
151371345862.878300,356547793425.515620,-45098755.815308,-303455570864.867190,133157573615.607180,53402987708.160156,-55062480654.500000,3
146607990433.505740,269644890767.046870,64717297.890991,-315451609530.152340,129130562680.318970,39816790677.640625,-128168681005.109370,3
142238178495.255800,308413074858.734370,42109370.368530,-263377946480.347660,125876907997.817500,55503029418.203125,-47867390635.703125,3
133156918003.951970,271067298967.312500,31927194.015839,-248850791639.191410,117873921294.870420,50770662646.644531,-43073153705.609375,3
129640200786.786320,275558350763.296870,-57041528.942566,-299402303560.410160,115245687625.342650,62514012939.322266,-158616640476.359370,3
125923773541.534480,252330761077.500000,-87049753.940125,-293018392982.472660,112458222034.788600,55537167935.755859,-174549166426.421870,3
117981259577.859740,213244751627.046870,-259959581.591797,-247171580978.750000,105882660292.054960,53562112986.667969,-103862531812.109370,3
110258318189.934910,184076281850.218750,-346648137.689758,-221908755664.421870,99195171300.427612,50568774954.169922,-64208470984.812500,3
107426656761.031250,149594369440.515620,-345372069.494110,-202679874099.900390,97258818487.047028,45034040545.820312,-13917866902.875000,3
100353889285.494750,113284555790.890620,-320964832.973389,-188522281012.445310,91024152596.746307,36335499196.292969,20971293643.742187,3
130116647568.326870,181826786366.500000,2301772219.978363,-292071590206.183590,114189039866.778500,-29827471404.621094,-105808013887.578120,3
134251409563.145390,184881565274.515620,2090160534.410767,-305427216659.273440,118054119279.173220,-33093596004.800781,-112237364933.671870,3
133802047472.448610,188096264933.203120,1849238325.297180,-211572305098.667970,117358675367.417420,-26138778546.437500,32038836370.937500,3
138021870472.983580,190341808710.328120,1795300179.646668,-217940164892.296870,121281556457.402160,-31802829492.390625,6594455837.484375,3
137736147900.577760,185946686653.578120,1858108682.276550,-252003713440.761720,120427698618.378850,-12877093718.414062,-43644716700.062500,3
137309671177.030880,160198982389.218750,2061147261.196960,-270322741022.199220,119506528175.826660,1806351351.074219,-45660202572.421875,3
142107313838.683230,100531992337.968750,2169194354.758484,-270031292627.789060,123481109237.240600,2485549807.679688,-64698831833.375000,3
141820048513.044070,36744839157.421875,2283225660.648621,-286398838891.562500,122734346857.004640,1801634983.277344,-97423797237.484375,3
141613344850.650630,-13283170779.687500,2604800402.705200,-284552653383.445310,121851731827.567080,1239519354.734375,-96872910625.953125,3
146786679075.863220,246476612082.609370,3004706311.937439,-324546906322.015620,126005975863.688960,64266477015.496094,-225631950192.546870,3
146743733687.819460,198748534893.484370,3326544706.280335,-273053872116.894530,125320256976.004760,74256703966.257812,-176901649904.093750,3
151883576535.494810,130509469512.593750,3385193587.008545,-215783933102.910160,129904715401.781250,68224346990.171875,-117310439401.625000,3
151771247523.016600,81266960867.359375,3439569342.580750,-146233063081.628910,129553462609.318480,62187202085.406250,-43417084905.921875,3
151814984340.414790,77351949935.421875,3477840849.275147,-184210355376.824220,129432435309.205870,53299083632.515625,-140020789961.312500,3
151866971665.124570,-14885454433.125000,3587161840.109131,-151734465121.890620,129295243787.891420,28066552490.695312,-106032581519.578120,3
152113402721.607910,-103109457125.578120,3670032251.486572,-113730237247.128910,129350952186.655400,10520454430.968750,-65791276332.937500,3
152389927279.173220,-190438971732.187500,3667562284.234680,-71864891625.527344,129899341854.697140,-5748202672.386719,-49288765146.796875,3
147520058645.285710,22895992219.375000,3600307310.667908,-27694145352.519531,125535913152.780940,21740641407.312500,-14377482500.000000,3
142776122977.044070,-1171211966.078125,3472565940.361511,-31128356779.187500,121582041458.086240,10449269738.101562,-31448345724.562500,3
143355559720.100830,-33803941482.625000,3495814120.171204,-26911622047.550781,122484550401.683960,-6214630063.460938,-48253166042.500000,3
139058455134.875610,-44613567222.562500,3416084026.441773,-97554103045.472656,118611965350.657410,-35005691343.152344,-183009979045.500000,3
130292164538.485870,-66808373549.812500,3238057231.724548,-83206582100.218750,110303323134.912020,-46962681409.802734,-201094714592.453120,3
126227617697.305760,-126479606874.718750,3097161398.207703,-75850739623.390625,107168833157.472350,-55523108714.214844,-245261261852.359370,3
122170515110.729310,155769692056.156250,3061878676.715210,-44712612417.082031,104281630004.483060,1346791045.230469,-250186994755.265620,3
122901007808.421140,200259823877.234370,2982819519.276794,-84253746317.273437,105775749657.970060,8900722118.929688,-343638936603.906250,3
119169046534.535220,149567631107.281250,2838134353.140015,-47149566424.628906,102950401810.817110,7261936999.449219,-304576484392.125000,3
115711935210.235600,98887317451.312500,2638353902.753845,-2917316589.943359,100509844013.904850,1043012451.265625,-188885517647.500000,3
116399396131.599370,96111007373.953125,2508833534.795685,18700885750.488281,102265783888.630250,13358174904.242187,-137052081799.187500,3
113175523305.242400,65252530714.343750,2459121518.991730,-36190367522.828125,99846530727.803467,987567574.447266,-225017839306.265620,3
105823611023.047550,13311049590.828125,2302048214.562408,-21116067113.458984,93596615304.940369,-1648463682.033203,-173827861165.281250,3
102672523538.255280,165781237225.578120,2216436742.608032,-3399610437.830078,91604162422.587341,34651706486.757812,-140994569898.171870,3
99724622684.203827,147947624741.312500,2063120905.653168,-3122200859.191406,89776407085.568176,25100563486.628906,-106606133284.023440,3
97021865722.375580,136170614903.734370,1900396281.360535,-9466824168.697266,88084740305.452301,16784045371.921875,-86062376164.195312,3
90599537221.403015,125494488491.046870,1722554444.190125,-8753146412.125000,82812981307.754608,10810055603.533203,-59690297710.914062,3
84322718404.221619,130615286622.781250,1561256848.613525,-74950965690.060547,77270295415.725647,-200485131.281250,-172960074869.281250,3
78447875369.105255,109709001028.898440,1351389217.366547,-77615302762.025391,72156736796.012421,-3143472598.541016,-156113537132.015620,3
73016759671.456055,89719783313.054687,1204402704.437592,-64720124130.871094,67558793717.390839,-8471476956.191406,-108977862210.945310,3
67997480683.969818,83039233353.984375,1132680851.767212,-59756334991.871094,63107513388.596008,-9424038099.018555,-84112530596.132812,3
63340751344.389526,91072672984.859375,1076729918.705200,-58140554734.608398,59204112851.767456,-8029615482.772461,-75110974932.093750,3
56268145774.849548,106905021675.195310,1027341188.582779,-91786854575.236328,52995553539.191498,-8757246414.224609,-152019557375.500000,3
52429159565.170197,108482421153.609370,930922442.277771,-86147604659.372070,49903934454.496231,-8017900207.422852,-133751872626.265620,3
116423342305.112880,8607754362.000000,29005406.619324,-117022939412.675780,100531494156.398130,77157963631.572266,-142716465054.015620,3
112683564461.027100,34929608099.734375,-114972007.713715,-121530550225.101560,97668621166.997589,80330940809.179687,-147330196849.390620,3
105648274909.024410,58854423396.906250,-247516490.063782,-104591941233.818360,91950512590.389069,81345070095.585937,-97548794771.296875,3
99227424411.985138,-19507568765.390625,-377446682.803162,-81622456421.054687,86701835616.092468,64452092708.826172,-27987126370.117187,3
92630296930.405640,106385121398.906250,-431564111.984619,-61491122130.845703,81053154980.922394,78015223220.408203,30487732043.031250,3
86550593038.564026,81812689298.359375,-434508665.198761,-49326275939.869141,76047516075.786774,60177866635.541016,69808072141.007812,3
84182053894.305908,52652070614.429687,-458185726.244843,-47507198183.089844,74663215770.162811,48103571470.507812,100033985259.109370,3
78718925735.834656,28145532647.078125,-570846709.397339,-95583252371.402344,70207006504.739044,39673795236.548828,2494956189.421875,3
73223910129.284821,-17974825991.320312,-623574220.707977,-86424043839.023437,65494008480.447052,26966661677.456055,30526425362.593750,3
155159070159.380680,-44282787074.218750,-2046637948.004822,-182305795443.652340,133720106906.850590,9434183772.632813,-152195640243.156250,3
66477902469.532623,82643284533.875000,-571487699.522064,-79804064636.081055,60445869733.457611,39543982199.754883,69916154240.843750,3
59594593101.133820,65303490556.289062,-548012994.520294,-93465466613.506836,54393447804.400421,33410632798.717773,21044947014.109375,3
55632157711.808014,59894026044.371094,-495804813.911926,-75776893812.858398,51028563702.085281,26552706741.424805,63085704851.902344,3
51982298576.876450,48688639291.093750,-462962039.229401,-64092069840.084961,47962272811.448273,20054453191.394531,85211588663.707031,3
48559310828.074173,44924728504.152344,-452290861.030960,-70808262503.849609,44999619746.340546,18894860107.117187,66664134996.187500,3
45259162223.747055,24156169460.535156,-444085645.595428,-52026698026.858398,41985486627.210281,12265268962.896484,107740216087.179690,3
156772693880.252200,306891762142.406250,861034692.816223,-230040346716.652340,132943992845.552800,-132803051895.769530,-214455758047.828120,3
151289733981.836120,393461966225.187500,1109332559.200562,-246887795539.394530,128302434685.879330,-115816567298.054690,-264962119797.375000,3
68314310494.154907,-20335396399.562500,-596344424.270325,-83922880309.041992,61507042647.561768,23213664032.876953,47142417231.593750,3
145307191667.688350,370159258651.984370,1115869211.936401,-224500425745.664060,123674389236.554200,-140751578826.550780,-168744143851.062500,3
145489636425.656980,298916289217.671870,1083708174.272888,-272010763566.128910,124442106259.554930,-161500494673.378910,-198927112561.265620,3
140983712414.007390,304096321957.640620,1201479525.506958,-197800169498.835940,120760563290.818180,-170569266766.406250,-42107222364.593750,3
136658621119.749240,292269929963.968750,1285269770.695068,-216054828874.507810,117364987898.536250,-173884125395.070310,-33613492136.750000,3
132555362486.646480,40730578852.296875,1230234392.288239,-214067914391.164060,114176646082.365570,-212067834713.046870,15777155437.734375,3
128731575321.985720,116308640074.765620,1213923171.797791,-183760352963.339840,111473640590.935120,-185862287035.064450,95027619100.296875,3
124709787076.075070,224409680590.125000,1163806063.817047,-166726314660.937500,108799158083.901210,-141683301116.515620,170836957648.531250,3
120761487261.294710,335282520016.218750,1027260978.398010,-152788710796.550780,106131569091.981140,-101907839247.001950,258958125582.125000,3
117104904268.066620,320545073487.250000,856218816.237488,-202913985279.152340,103632688547.308650,-91620647623.261719,172111975472.437500,3
113782533802.933290,278850866072.312500,957541490.430084,-176202698267.144530,101287997240.427800,-90887508343.615234,240333547582.062500,3
110853279382.039670,259784848149.140620,884324348.322754,-133067947747.673830,99487039842.870575,-83302927027.777344,355089049967.234370,3
108096567024.636660,235236495671.625000,722058271.980804,-128106695930.701170,97784582062.314758,-73657168158.630859,390128175349.390620,3
156833086287.609560,6746134334.859375,850020044.138611,-50199798367.503906,131406098323.514590,54598148210.535156,6570265949.406250,3
152444274400.812130,-581722101.375000,840595356.437134,-50284654635.359375,127833272838.192630,67681090121.890625,-28894908899.375000,3
148132611413.649350,29230762001.484375,764367138.954163,-53774269908.859375,124518134623.119930,85888009906.468750,-52727876956.921875,3
155628869372.942990,12321278538.843750,236687451.399780,-76481246656.785156,147815494614.414550,37122148509.000000,-166897598.812500,3
121724045604.756500,165134911484.812500,-40960359.501953,-66395019927.625000,113826282845.389340,110729495313.273440,6485631207.031250,3
140105060792.611450,-4230198439.671875,405494801.810181,-132313999568.980470,119487674235.380430,90048790265.140625,-181157114662.843750,3
131872576312.959630,68344441875.546875,273238433.712433,-131014953519.386720,112437580512.521850,102117733840.550780,-179066705508.812500,3
128056004008.214290,26587328620.890625,226308320.007721,-128286336476.042970,109876374070.843170,82821759708.361328,-157808441198.718750,3
124296876748.072780,17509356239.812500,134864530.639893,-117009133900.835940,107321152279.096860,79918442473.158203,-132247081091.640620,3
139333007022.852360,-33816480045.703125,499482887.398560,-113418916844.261720,117534755018.187130,86054285603.800781,-146575444586.937500,3
124848273461.750950,156173177077.203120,-755151804.901123,-150644188525.417970,108017077663.454320,111660458461.638670,272937691071.968750,3
124979455264.787630,69659148762.265625,-678758114.063873,-183939344191.007810,106875077407.058810,82786330434.417969,237952652128.609370,3
124625228933.147030,-19437571073.250000,-346927892.025452,-164125123809.175780,105303447544.307860,50298627257.876953,311528087969.750000,3
124290158437.288670,-37338620633.328125,-243327954.407349,-206152797871.203120,104465673126.622130,38505487483.416016,263487601189.750000,3
119579264683.833950,47451286595.718750,-257973239.865143,-203394136631.597660,99480876275.209503,42361375147.185547,281943670550.484370,3
120056941580.242100,72860641452.953125,-165112551.506683,-281855755456.148440,99775970496.722260,31540146122.634766,157205471928.562500,3
115634635519.477810,42081124657.906250,-111350094.591003,-250509519387.349610,95224650518.887726,17676895884.685547,241440654209.562500,3
115783284279.416690,16861404121.125000,-60922925.815338,-312462986683.169920,95483378696.614502,1612143819.796875,159907586277.625000,3
111853471829.451170,82916552553.203125,108913837.746857,-265317329393.572270,91893761709.800446,-1968047493.548828,225306954653.109370,3
112586614603.114470,145397686971.312500,287265535.948517,-296741772742.416020,93102077679.511871,-14860289777.613281,161591180466.109370,3
108848501012.282290,113692782594.812500,406881318.357513,-328691512262.191410,90000712041.690338,-32598611927.818359,79088545272.140625,3
109444355758.298980,137291587497.515620,612245495.578461,-262117212492.191410,90790280978.422729,-35043714512.746094,209089954416.203120,3
105639297755.638370,189185370021.125000,765692381.284210,-236286137110.781250,87440914820.354431,-29715601308.587891,230901038515.117190,3
106165484479.457610,154884729232.328120,953349677.099030,-216377978247.087890,88439271654.583527,-32260505296.578125,291566398065.273440,3
102755264881.964970,124621119677.906250,1070791299.408691,-156120951983.714840,86025847453.570404,-37021314440.363281,429863489064.554690,3
99656531119.253601,104525713771.984370,1086344003.738037,-159373297969.630860,83613320267.058685,-41436160095.990234,429920696505.632810,3
96624993114.702484,91258078439.085937,1137224752.598938,-169908123221.007810,81046908100.251770,-52951957303.537109,411810190117.523440,3
97445330148.782013,113173944998.531250,1066758849.944916,-176586037759.517580,82120527870.423462,-54767821687.759766,431569919344.273440,3
94545253113.401428,111624742346.312500,864490372.150940,-173791152744.099610,79696413432.928772,-58839433324.087891,437111278977.343750,3
95387505250.998322,88213215363.718750,691917305.588715,-162336581914.072270,80675233967.987122,-64517107533.443359,498394984375.914060,3
88935262178.376129,54281622066.429687,725531553.844879,-167708491627.894530,74949979253.421265,-53978007507.990234,488066602810.046870,3
86303766405.979980,62174136314.914062,706384722.024139,-176450611035.656250,72967536704.715027,-38055834989.806641,487707993655.101560,3
83786759202.419403,80107916919.921875,764794775.149506,-178835093476.832030,70981234184.401367,-34319089381.892578,493684906935.281250,3
78394208392.348541,-88658366983.226562,863369368.907806,-217148546421.300780,66412220439.193604,-67277991284.923828,399333030333.679690,3
79727686711.505737,-41703019566.632812,890850994.732208,-227424481065.798830,68087377414.987183,-60510347065.562500,394605299691.226560,3
74885632436.311035,25701814650.234375,783777373.990601,-192943016020.007810,64319406426.357849,-42067445648.590820,404672337009.125000,3
72935107942.025696,72243464144.562500,704607196.726532,-176755587848.685550,62962642924.487061,-27494296032.649414,407667268225.085940,3
68170608231.130096,126209473443.398440,630613999.765579,-147342012567.840820,59020987030.454178,-13481576907.802734,413661470640.500000,3
66793706564.723999,130646118465.375000,579424240.271332,-153875186852.583010,58358098402.393661,-6021269326.907227,345220944604.765620,3
62718085783.010864,116102092756.242190,514758489.963257,-125584270920.920900,54784005563.277008,247275707.454102,361347015349.851560,3
56192973349.478348,81819428445.917969,504045066.309280,-91279978375.806641,48991063172.392822,3092895225.662109,376702883804.460940,3
140831529319.715940,166185500510.968750,840260376.335876,-251703791155.445310,118755027634.066160,31255293380.628906,104715120820.656250,3
145137433175.197510,172823497479.593750,701267129.365417,-298630026920.921870,122240810919.821230,17008629043.421875,5485623092.765625,3
144324380912.725280,349751866220.593750,688715757.853271,-256348187536.218750,120734824052.563290,22330357104.644531,53746621226.421875,3
153378757066.804870,311014938648.109370,556391904.807312,-202079104042.500000,128593374814.004640,18588164234.410156,128776304735.453120,3
157796069108.882930,229547836743.734370,538792044.981384,-210824287481.371090,132239863183.222350,4768054849.710938,77468952047.968750,3
162207437326.089970,119179200477.140620,563923290.263123,-186181574457.183590,135932176138.844480,-9286405900.207031,108923746046.250000,3
166759476572.978030,91255538511.906250,592776805.387817,-166864192493.613280,140047056777.480770,-9616306452.257813,126693124016.328120,3
171507240382.018430,27187467401.359375,642153975.971741,-236655449131.183590,144341956664.599240,-13643391901.902344,23081276242.796875,3
171244888721.714480,-17117858809.515625,670903378.363403,-238935254767.246090,143576152843.853330,-17624055744.597656,-3916890320.234375,3
171140919600.670720,254770521394.765620,718899706.306396,-247510880520.675780,143186252009.218080,34159722635.000000,-49046138769.015625,3
171114251211.810490,267564051877.500000,792350299.404175,-214981525701.933590,143183891904.682070,41080121681.578125,-22874612254.312500,3
171137691501.973510,258913470706.718750,789829374.069580,-201940083869.101560,143229227526.782040,40652360003.640625,-8610286897.687500,3
170891391324.760130,235549307889.531250,798007057.574036,-165797636290.097660,142922530540.015440,32615601671.929687,40261042459.781250,3
165811054638.925230,182729100485.718750,816239401.094299,-149434815993.558590,138083822977.601140,24257492348.640625,32477091196.656250,3
165741940108.412840,180538862191.750000,813849118.074585,-132439139267.234370,138151443347.759770,32631019044.636719,35929968083.203125,3
165701052579.949100,137084760422.140620,795120268.628479,-119590256186.730470,138266500968.707520,35034513391.121094,44069068052.250000,3
165980465979.844790,130872639648.046870,773539901.819519,-112874886972.429690,139009779017.265260,49083181299.410156,20221950172.609375,3
161158794110.264280,102738762730.296870,837854013.676147,-108147150357.839840,134579082725.666380,55703982239.621094,-25284216.875000,3
156360358931.355160,50772957376.578125,822685940.358459,-84725138436.222656,130298013632.985050,54238079089.156250,-9147133178.781250,3
143358393336.552610,33632927225.093750,673825408.779602,-119907048103.875000,120527090368.925720,91387144197.839844,-159636510873.187500,3
